uid,score
kn1,0.00432488508523
kn2,0.00389663409442
kn3,0.00577465025708
kn4,0.00604168325663
kn5,0.00457469606772
kn6,0.00469762319699
kn7,0.00397207168862
kn8,0.00389849813655
kn9,0.00449706893414
kn10,0.00463077938184
kn11,0.00462452648208
kn12,0.00419882126153
kn13,0.00611566752195
kn14,0.00532468408346
kn15,0.00556264771149
kn16,0.00569869950414
kn17,0.00458538951352
kn18,0.00542033324018
kn19,0.00411503436044
kn20,0.00638779997826
kn21,0.00402290793136
kn22,0.00533912656829
kn23,0.00573092559353
kn24,0.00489169219509
kn25,0.00442159501836
kn26,0.00501376576722
kn27,0.00458408379927
kn28,0.005610127002
kn29,0.00391068682075
kn30,0.00456182006747
kn31,0.00387224834412
kn32,0.00388279254548
kn33,0.00466567184776
kn34,0.00389689300209
kn35,0.00378735177219
kn36,0.00460236659274
kn37,0.00381355220452
kn38,0.0052802641876
kn39,0.00392815237865
kn40,0.00455002998933
kn41,0.00459097977728
kn42,0.00533153023571
kn43,0.00488467561081
kn44,0.00463795242831
kn45,0.00434453273192
kn46,0.00439156917855
kn47,0.00463460991159
kn48,0.00418411334977
kn49,0.00606128713116
kn50,0.00471785850823
kn51,0.00510806031525
kn52,0.00505244685337
kn53,0.00551877077669
kn54,0.00500960415229
kn55,0.00387327652425
kn56,0.00387902627699
kn57,0.00447847787291
kn58,0.00484161963686
kn59,0.00505310110748
kn60,0.00541834114119
kn61,0.00602533482015
kn62,0.00387327652425
kn63,0.00514596141875
kn64,0.00400538230315
kn65,0.00419095950201
kn66,0.00430746655911
kn67,0.00395850278437
kn68,0.00567174423486
kn69,0.00375783350319
kn70,0.00587448151782
kn71,0.00532548734918
kn72,0.00616366788745
kn73,0.00382312666625
kn74,0.00537971779704
kn75,0.00393436802551
kn76,0.00507075246423
kn77,0.00437450874597
kn78,0.00518374890089
kn79,0.0045824740082
kn80,0.00378993782215
kn81,0.00426002265885
kn82,0.00402724184096
kn83,0.00519612012431
kn84,0.00487770605832
kn85,0.00394675601274
kn86,0.00434652343392
kn87,0.00513934297487
kn88,0.0039257965982
kn89,0.00548508018255
kn90,0.00607987632975
kn91,0.00423503248021
kn92,0.00458910409361
kn93,0.00393381295726
kn94,0.00544552132487
kn95,0.00463245250285
kn96,0.0054094879888
kn97,0.00378735177219
kn98,0.00456147594377
kn99,0.00441725645214
kn100,0.00595989916474
kn101,0.00622259592637
kn102,0.00392357073724
kn103,0.00517680449411
kn104,0.00408702157438
kn105,0.00462653301656
kn106,0.00450346712023
kn107,0.00425865966827
kn108,0.00529224704951
kn109,0.00462631974369
kn110,0.00585920270532
kn111,0.00509337708354
kn112,0.00387598364614
kn113,0.00552785675973
kn114,0.00456556119025
kn115,0.00572395790368
kn116,0.00542750954628
kn117,0.00547566916794
kn118,0.00467385677621
kn119,0.00387327652425
kn120,0.0051523395814
kn121,0.00502604804933
kn122,0.0042645232752
kn123,0.00548018934205
kn124,0.00495836418122
kn125,0.00394874578342
kn126,0.00463910400867
kn127,0.00486379489303
kn128,0.00461703445762
kn129,0.00522588333115
kn130,0.00430990336463
kn131,0.00407910859212
kn132,0.00479972735047
kn133,0.00476192962378
kn134,0.00536697823554
kn135,0.00407855259255
kn136,0.00525132101029
kn137,0.00491496035829
kn138,0.00388542143628
kn139,0.00498314900324
kn140,0.00581947667524
kn141,0.00503158289939
kn142,0.00535532226786
kn143,0.00538041209802
kn144,0.00546478154138
kn145,0.00386528554372
kn146,0.00426999153569
kn147,0.00568885961547
kn148,0.00403553340584
kn149,0.00390937924385
kn150,0.00431489478797
kn151,0.0045668031089
kn152,0.00400726217777
kn153,0.00392972910777
kn154,0.00505710439757
kn155,0.00437141489238
kn156,0.00458441674709
kn157,0.00510541722178
kn158,0.00387224834412
kn159,0.00477940728888
kn160,0.00443133478984
kn161,0.00465956842527
kn162,0.0037043443881
kn163,0.00387224834412
kn164,0.00566313508898
kn165,0.00640727812424
kn166,0.00531168095767
kn167,0.00473415758461
kn168,0.00419282633811
kn169,0.00553738558665
kn170,0.00544781982899
kn171,0.00551430555061
kn172,0.00394244166091
kn173,0.00438451347873
kn174,0.0060959700495
kn175,0.00587676325813
kn176,0.00504634296522
kn177,0.00517912069336
kn178,0.0042682425119
kn179,0.00463605998084
kn180,0.00448032328859
kn181,0.00387276685797
kn182,0.00599954510108
kn183,0.00468924315646
kn184,0.00387327652425
kn185,0.00590967619792
kn186,0.00390479760244
kn187,0.00475015630946
kn188,0.00403975974768
kn189,0.00498776137829
kn190,0.00418391870335
kn191,0.00563040422276
kn192,0.00576794426888
kn193,0.00387327652425
kn194,0.00387327652425
kn195,0.0050117415376
kn196,0.00583238014951
kn197,0.00389071973041
kn198,0.00436518108472
kn199,0.00567034073174
kn200,0.0038811864797
kn201,0.00581181794405
kn202,0.00514206942171
kn203,0.00404632231221
kn204,0.00399133982137
kn205,0.00481508066878
kn206,0.00481436075643
kn207,0.00391895184293
kn208,0.00575608294457
kn209,0.00567875383422
kn210,0.00480473879725
kn211,0.00404656864703
kn212,0.00429700640962
kn213,0.00441920710728
kn214,0.00498326029629
kn215,0.00450712395832
kn216,0.00450525246561
kn217,0.00437377952039
kn218,0.00414944253862
kn219,0.00459484476596
kn220,0.0053639751859
kn221,0.00524287857115
kn222,0.00372744142078
kn223,0.00382739887573
kn224,0.00393452681601
kn225,0.00565468054265
kn226,0.00387224834412
kn227,0.00420628068969
kn228,0.0039590196684
kn229,0.00511073181406
kn230,0.00379142886959
kn231,0.00452893273905
kn232,0.00396228162572
kn233,0.00603953376412
kn234,0.00457439851016
kn235,0.00387327652425
kn236,0.00399985443801
kn237,0.00381975388154
kn238,0.00478995684534
kn239,0.00502301799133
kn240,0.00431209523231
kn241,0.00480616604909
kn242,0.00459012994543
kn243,0.0053647691384
kn244,0.00418391870335
kn245,0.00476890197024
kn246,0.00448406580836
kn247,0.00484470371157
kn248,0.00402045389637
kn249,0.0037043443881
kn250,0.00597105128691
kn251,0.00526255182922
kn252,0.00452464399859
kn253,0.00387744582258
kn254,0.00491610355675
kn255,0.00431826617569
kn256,0.00462395977229
kn257,0.00513376528397
kn258,0.00459218258038
kn259,0.00574779883027
kn260,0.00370537769049
kn261,0.00455443607643
kn262,0.0043604793027
kn263,0.00500552961603
kn264,0.00409073196352
kn265,0.00597254885361
kn266,0.00581025891006
kn267,0.00461703445762
kn268,0.00397174758837
kn269,0.00453211553395
kn270,0.00479478482157
kn271,0.00481463270262
kn272,0.00498525844887
kn273,0.00387327652425
kn274,0.00435181194916
kn275,0.00442364206538
kn276,0.00390107859857
kn277,0.00396819133312
kn278,0.00441860919818
kn279,0.00382832414471
kn280,0.00532541144639
kn281,0.00552497711033
kn282,0.00418391870335
kn283,0.00557390647009
kn284,0.00488005625084
kn285,0.00459205871448
kn286,0.00416707340628
kn287,0.0054448521696
kn288,0.00500288745388
kn289,0.00494201434776
kn290,0.00393984699622
kn291,0.00532567687333
kn292,0.00514725781977
kn293,0.00568006560206
kn294,0.0045348117128
kn295,0.00392940407619
kn296,0.0051686624065
kn297,0.00387902627699
kn298,0.00531560787931
kn299,0.00500464206561
kn300,0.00381185137667
kn301,0.00574219599366
kn302,0.00396210839972
kn303,0.00370537769049
kn304,0.00534269353375
kn305,0.00512945372611
kn306,0.00597418751568
kn307,0.0045658252202
kn308,0.00387224834412
kn309,0.00374186015688
kn310,0.00529797840863
kn311,0.00528321787715
kn312,0.0051365471445
kn313,0.00389377772808
kn314,0.00450348807499
kn315,0.00389712117612
kn316,0.00551845692098
kn317,0.00597441988066
kn318,0.0047872569412
kn319,0.0039749648422
kn320,0.00387313496321
kn321,0.00537920510396
kn322,0.00590711971745
kn323,0.00501076458022
kn324,0.00370484776795
kn325,0.00435926020145
kn326,0.0037043443881
kn327,0.00438489858061
kn328,0.00391223980114
kn329,0.00518551003188
kn330,0.0037043443881
kn331,0.00550127774477
kn332,0.00427796505392
kn333,0.00590358953923
kn334,0.00515610491857
kn335,0.00517548341304
kn336,0.00513380672783
kn337,0.00427155941725
kn338,0.0044454834424
kn339,0.00370537769049
kn340,0.00518304575235
kn341,0.00387379899621
kn342,0.00465149665251
kn343,0.00414378149435
kn344,0.00508511485532
kn345,0.00395613815635
kn346,0.00383407343179
kn347,0.00462439469993
kn348,0.00387327652425
kn349,0.00452920375392
kn350,0.00594797264785
kn351,0.00387744582258
kn352,0.00433150632307
kn353,0.00455599511042
kn354,0.00438477564603
kn355,0.00382283446379
kn356,0.00506306486204
kn357,0.00468717608601
kn358,0.0051864865236
kn359,0.00527730258182
kn360,0.0060098473914
kn361,0.00447081588209
kn362,0.00387327652425
kn363,0.00552405696362
kn364,0.00394480349496
kn365,0.00495883263648
kn366,0.00390422809869
kn367,0.00400518858805
kn368,0.00387327652425
kn369,0.00387753616087
kn370,0.00398497376591
kn371,0.00591462245211
kn372,0.00570088066161
kn373,0.00544996233657
kn374,0.00520660122856
kn375,0.00449702190235
kn376,0.00390550796874
kn377,0.00370839238167
kn378,0.00481309043244
kn379,0.00530702248216
kn380,0.00387554173358
kn381,0.00544475391507
kn382,0.00476863002405
kn383,0.00577606353909
kn384,0.00579229695722
kn385,0.00461511081085
kn386,0.0038963786792
kn387,0.00495117297396
kn388,0.00478480383754
kn389,0.0052941548638
kn390,0.00543991243467
kn391,0.00520302867517
kn392,0.00500091537833
kn393,0.00487831700593
kn394,0.00578398257494
kn395,0.00557424454018
kn396,0.00387327652425
kn397,0.00531545653939
kn398,0.00391738116741
kn399,0.00504529243335
kn400,0.0061447545886
kn401,0.00381509936415
kn402,0.00504208775237
kn403,0.00446077575907
kn404,0.00476698065177
kn405,0.00537662114948
kn406,0.00387224834412
kn407,0.005355858244
kn408,0.00520257931203
kn409,0.00544771691784
kn410,0.00517104147002
kn411,0.00517230480909
kn412,0.00468487432227
kn413,0.00387744582258
kn414,0.00604529539123
kn415,0.00551345851272
kn416,0.00450048176572
kn417,0.00458664121106
kn418,0.00557646853849
kn419,0.00522532314062
kn420,0.00618217885494
kn421,0.00475127715617
kn422,0.00419125566259
kn423,0.00587257696316
kn424,0.00439801206812
kn425,0.00538535183296
kn426,0.0051417327486
kn427,0.0052542234771
kn428,0.00450357608497
kn429,0.00387866701931
kn430,0.00445982068777
kn431,0.00387317710556
kn432,0.00504161184654
kn433,0.00389695796184
kn434,0.00456178979948
kn435,0.00397710269317
kn436,0.00571776879951
kn437,0.00375409401022
kn438,0.00512545974925
kn439,0.00428867246956
kn440,0.00380858429708
kn441,0.00503831962124
kn442,0.00597289390862
kn443,0.0041451905854
kn444,0.00519383093342
kn445,0.00492624891922
kn446,0.00448236521333
kn447,0.00464458530769
kn448,0.00372693501413
kn449,0.00456769391894
kn450,0.00443578837439
kn451,0.00389638612978
kn452,0.00596378743649
kn453,0.00453743850812
kn454,0.00526507850736
kn455,0.00483982078731
kn456,0.0046748239547
kn457,0.00392438517883
kn458,0.00387224834412
kn459,0.00389622687362
kn460,0.00393093470484
kn461,0.00423539662734
kn462,0.00387217849493
kn463,0.00566316442564
kn464,0.00581518281251
kn465,0.00372259435244
kn466,0.00370998354629
kn467,0.00378837017342
kn468,0.00387327652425
kn469,0.00393973849714
kn470,0.00489333784208
kn471,0.0039087254554
kn472,0.0046982918866
kn473,0.00474955281243
kn474,0.00479113170877
kn475,0.00569067243487
kn476,0.00392433116212
kn477,0.0043952963315
kn478,0.00422310875729
kn479,0.00587209826335
kn480,0.00383045058697
kn481,0.00468455860391
kn482,0.00381961627863
kn483,0.00563440751284
kn484,0.00393164623529
kn485,0.00393903907388
kn486,0.00439692428336
kn487,0.00532611412928
kn488,0.00466997874901
kn489,0.00457546487451
kn490,0.00380696565844
kn491,0.00524814100936
kn492,0.00568455411121
kn493,0.00400577811524
kn494,0.00626555737108
kn495,0.00536652514711
kn496,0.00434669898823
kn497,0.00381860206835
kn498,0.00487439520657
kn499,0.00402046507224
kn500,0.00574665982276
kn501,0.00516994530335
kn502,0.00504634017125
kn503,0.00540596153587
kn504,0.00613386975601
kn505,0.00510733574629
kn506,0.00523047102615
kn507,0.00432859733701
kn508,0.00388775300235
kn509,0.00496632931754
kn510,0.00518626486883
kn511,0.00458599859849
kn512,0.00404069805518
kn513,0.00475933169946
kn514,0.00387327652425
kn515,0.00385220581666
kn516,0.00578421866521
kn517,0.00387224834412
kn518,0.00409065838903
kn519,0.00393231119961
kn520,0.0050291204825
kn521,0.00390156032518
kn522,0.00428572483361
kn523,0.00540438015014
kn524,0.00552387349308
kn525,0.00592725817114
kn526,0.0053476546891
kn527,0.00387642742135
kn528,0.00379146309569
kn529,0.00574211217463
kn530,0.00425463961437
kn531,0.004994451534
kn532,0.0053744208999
kn533,0.00479503255337
kn534,0.00439149606973
kn535,0.0049329479225
kn536,0.00384112424217
kn537,0.00442931801081
kn538,0.00394934229553
kn539,0.0037043443881
kn540,0.00501091452315
kn541,0.00459950789809
kn542,0.0047843568027
kn543,0.00525804096833
kn544,0.00619792798534
kn545,0.00494246464223
kn546,0.0039031507913
kn547,0.00458531128243
kn548,0.00487457122654
kn549,0.00558965746313
kn550,0.00393882952631
kn551,0.00544106028974
kn552,0.00527379661798
kn553,0.00392916146666
kn554,0.00381795270368
kn555,0.00519318971783
kn556,0.00550050009042
kn557,0.0053278747946
kn558,0.00542272394523
kn559,0.00508471950889
kn560,0.00463635241613
kn561,0.0053583914414
kn562,0.00376801542006
kn563,0.00412744795904
kn564,0.00546259758994
kn565,0.00499608693644
kn566,0.0046609332785
kn567,0.00539813470095
kn568,0.00423555960879
kn569,0.00440615788102
kn570,0.00517609482631
kn571,0.00524232164025
kn572,0.00484508322552
kn573,0.00385295250453
kn574,0.00392919545993
kn575,0.00508445873857
kn576,0.00492176087573
kn577,0.00407463219017
kn578,0.00514182308689
kn579,0.00512510491535
kn580,0.00423632981256
kn581,0.0046176109463
kn582,0.00387369212694
kn583,0.00599207356572
kn584,0.00611178809777
kn585,0.00532075110823
kn586,0.00411667581648
kn587,0.00372374267317
kn588,0.00372693501413
kn589,0.00585776101798
kn590,0.00524474913254
kn591,0.0058152298443
kn592,0.00513577740639
kn593,0.00546638062224
kn594,0.00549882557243
kn595,0.00491412589327
kn596,0.0050654145889
kn597,0.00634019542485
kn598,0.00492384657264
kn599,0.00642511574551
kn600,0.00447732349858
kn601,0.00470839720219
kn602,0.004969982896
kn603,0.0040701511316
kn604,0.00474072713405
kn605,0.0056912926957
kn606,0.00545973563567
kn607,0.004741395358
kn608,0.00593565916643
kn609,0.00396458571777
kn610,0.00490314373747
kn611,0.00529932044446
kn612,0.00455420464277
kn613,0.00402102293447
kn614,0.00529013667256
kn615,0.00547484634444
kn616,0.00382739887573
kn617,0.00387435685843
kn618,0.00571049703285
kn619,0.00624338630587
kn620,0.00519206933677
kn621,0.00389746506698
kn622,0.00382898980752
kn623,0.00475013628602
kn624,0.00471246102825
kn625,0.00634835939854
kn626,0.00468874024227
kn627,0.00448284624144
kn628,0.0053757079877
kn629,0.00509452959523
kn630,0.00490076187998
kn631,0.00372466794215
kn632,0.00611653085798
kn633,0.00432268250734
kn634,0.00387224834412
kn635,0.00525106210262
kn636,0.005346538499
kn637,0.0037108794786
kn638,0.00454699015245
kn639,0.00500336894765
kn640,0.00393173610792
kn641,0.0050670588389
kn642,0.00455662189052
kn643,0.00486615858972
kn644,0.00390117894858
kn645,0.00423948094249
kn646,0.00375057477504
kn647,0.00387524021789
kn648,0.00401050271466
kn649,0.00464428123087
kn650,0.00478504691273
kn651,0.00393882952631
kn652,0.00617987383157
kn653,0.00493823830038
kn654,0.00451439945027
kn655,0.00520419375971
kn656,0.00438201846555
kn657,0.00462235370651
kn658,0.00441340357065
kn659,0.00455970689654
kn660,0.00463518220931
kn661,0.00419463636354
kn662,0.00457279430702
kn663,0.00391755625606
kn664,0.00398416165262
kn665,0.00505811907351
kn666,0.0039789294824
kn667,0.00534320250154
kn668,0.00391779420897
kn669,0.00470678834245
kn670,0.00390460644849
kn671,0.0051377536729
kn672,0.00375545094721
kn673,0.00533622037619
kn674,0.00531300902367
kn675,0.00486620981246
kn676,0.00489655230194
kn677,0.00382633158006
kn678,0.00546667678282
kn679,0.00438644969836
kn680,0.00407695118338
kn681,0.00512884324417
kn682,0.00520085450262
kn683,0.00454633822665
kn684,0.00512461131439
kn685,0.00476264161989
kn686,0.0054463786073
kn687,0.00540542043746
kn688,0.00486299162731
kn689,0.00389049621299
kn690,0.0037043443881
kn691,0.00540592847392
kn692,0.0040224515833
kn693,0.00379146309569
kn694,0.0037952256389
kn695,0.00471460446715
kn696,0.00394477322698
kn697,0.003878375981
kn698,0.00384756294079
kn699,0.00466202618554
kn700,0.00561365811154
kn701,0.00392919545993
kn702,0.00500350724906
kn703,0.00509365275502
kn704,0.00428872322664
kn705,0.00410706503317
kn706,0.00601223809645
kn707,0.00423532212153
kn708,0.00613831030205
kn709,0.0047951717861
kn710,0.00394347915426
kn711,0.00588087597862
kn712,0.00394975300878
kn713,0.00387327652425
kn714,0.0043963980861
kn715,0.00407910067588
kn716,0.00389244081452
kn717,0.00422654114664
kn718,0.00528329331428
kn719,0.00523445522413
kn720,0.00387327652425
kn721,0.00392648251727
kn722,0.00393395731226
kn723,0.00370537769049
kn724,0.00462646922097
kn725,0.00386651000008
kn726,0.00549488188699
kn727,0.00575434509665
kn728,0.00389689300209
kn729,0.00418391870335
kn730,0.00516073452309
kn731,0.00379554461688
kn732,0.00491683837026
kn733,0.00389741873369
kn734,0.00526149850339
kn735,0.00568406889215
kn736,0.00390161434188
kn737,0.00529397465289
kn738,0.00372733711265
kn739,0.00525336898863
kn740,0.00466659525409
kn741,0.00453280378133
kn742,0.00544234551489
kn743,0.00372592778876
kn744,0.00478536495939
kn745,0.00572782102972
kn746,0.00430645467713
kn747,0.00640723248944
kn748,0.00602325657383
kn749,0.00597534887493
kn750,0.00500481994823
kn751,0.00532961636782
kn752,0.00503151398152
kn753,0.0039711962454
kn754,0.00380247598514
kn755,0.00482537364587
kn756,0.0047271377407
kn757,0.00651239417493
kn758,0.00472537428141
kn759,0.00419569993392
kn760,0.00454699015245
kn761,0.00391114363447
kn762,0.00456460984424
kn763,0.00453389063478
kn764,0.00500785792246
kn765,0.00528120389208
kn766,0.00388222979382
kn767,0.00389689300209
kn768,0.00373353785835
kn769,0.00392919545993
kn770,0.00489121396095
kn771,0.00412843795493
kn772,0.003891923232
kn773,0.00591597147286
kn774,0.00387327652425
kn775,0.00416906643659
kn776,0.0038777331356
kn777,0.00379970832728
kn778,0.00517252832651
kn779,0.00560574186966
kn780,0.00435080984607
kn781,0.0043810592033
kn782,0.00475655402988
kn783,0.0053548370488
kn784,0.00516776042059
kn785,0.0043868329376
kn786,0.00513091636822
kn787,0.00618553487584
kn788,0.00560725992545
kn789,0.00526451179758
kn790,0.0039686113596
kn791,0.005988962017
kn792,0.00423503248021
kn793,0.0037316866219
kn794,0.00396505417302
kn795,0.00445145973936
kn796,0.00538740307093
kn797,0.0045131421648
kn798,0.00449978094548
kn799,0.00514292065054
kn800,0.00370883313008
kn801,0.00515105901286
kn802,0.00460850214586
kn803,0.00611059740186
kn804,0.00569392973557
kn805,0.00413266103715
kn806,0.00624122936279
kn807,0.00380695820786
kn808,0.004195028916
kn809,0.00496947858483
kn810,0.00418751966208
kn811,0.00419756537303
kn812,0.00445937179029
kn813,0.00401453720406
kn814,0.0040973033756
kn815,0.00594205223024
kn816,0.00485442439094
kn817,0.00439578481019
kn818,0.0047213146463
kn819,0.00501058623195
kn820,0.00370984454639
kn821,0.00510521419346
kn822,0.00389001774602
kn823,0.00380033627152
kn824,0.0038065079134
kn825,0.00374186015688
kn826,0.00435654586181
kn827,0.00440049311146
kn828,0.00389564596117
kn829,0.00396457593888
kn830,0.00555094098672
kn831,0.0040510892868
kn832,0.00375783350319
kn833,0.00512501504272
kn834,0.00377054745331
kn835,0.00428698258474
kn836,0.00502087362111
kn837,0.00387796899304
kn838,0.00405084853992
kn839,0.0037043443881
kn840,0.00415019877255
kn841,0.00377630861476
kn842,0.0037043443881
kn843,0.00535679608583
kn844,0.0045847799629
kn845,0.0063636940904
kn846,0.00491416081786
kn847,0.004669085145
kn848,0.0058857370168
kn849,0.00437657348812
kn850,0.00466589117423
kn851,0.00498739490286
kn852,0.00544414483011
kn853,0.00388287706301
kn854,0.00540143065155
kn855,0.0037043443881
kn856,0.00510579999536
kn857,0.00397294899449
kn858,0.00539733842015
kn859,0.00453637260944
kn860,0.00495305005461
kn861,0.00378012261353
kn862,0.00544221373275
kn863,0.00462590297684
kn864,0.00591724459082
kn865,0.00611684145406
kn866,0.0059884567745
kn867,0.00389751512557
kn868,0.00405038706958
kn869,0.00405428372324
kn870,0.00516524584964
kn871,0.0043938588351
kn872,0.00372743955813
kn873,0.00452266819775
kn874,0.00380812119693
kn875,0.00491913873702
kn876,0.00370336091146
kn877,0.0037043443881
kn878,0.00479575665668
kn879,0.00468910112977
kn880,0.0039490214549
kn881,0.00483295414597
kn882,0.00428506778553
kn883,0.00491272937506
kn884,0.0037043443881
kn885,0.00482813827693
kn886,0.00461147353053
kn887,0.00549161294475
kn888,0.00400589220226
kn889,0.00458623608574
kn890,0.00377419218421
kn891,0.00370537769049
kn892,0.00533725554124
kn893,0.00397464958951
kn894,0.00441593723372
kn895,0.00409749057144
kn896,0.00534758623689
kn897,0.00452890014276
kn898,0.00586575269699
kn899,0.00523134227842
kn900,0.00577306048945
kn901,0.00487635005265
kn902,0.00545544410124
kn903,0.00400266516954
kn904,0.00576046202332
kn905,0.0047472990118
kn906,0.00389070692472
kn907,0.00505774701014
kn908,0.00537109328434
kn909,0.0037043443881
kn910,0.00376584683545
kn911,0.00526295648888
kn912,0.00401457305998
kn913,0.00381791288964
kn914,0.004733517766
kn915,0.00522671639919
kn916,0.00535650132224
kn917,0.00493795005605
kn918,0.00527535518631
kn919,0.00423197308555
kn920,0.00586385698989
kn921,0.00552828935906
kn922,0.00588615331799
kn923,0.00512042921036
kn924,0.00382937537506
kn925,0.00488305324689
kn926,0.00554673094302
kn927,0.00501037668437
kn928,0.0051066018641
kn929,0.00416352320462
kn930,0.00372917880304
kn931,0.00527849886566
kn932,0.00619343621656
kn933,0.00483980728313
kn934,0.00549637479708
kn935,0.00431194575503
kn936,0.00512624299154
kn937,0.00380769418553
kn938,0.00378786609508
kn939,0.00430661998689
kn940,0.00425813812762
kn941,0.00373246823438
kn942,0.00469713238999
kn943,0.00485314801335
kn944,0.00581371085718
kn945,0.00463179731742
kn946,0.00587970251217
kn947,0.00424449658021
kn948,0.00478607788682
kn949,0.00400758208707
kn950,0.00436920113862
kn951,0.0050509897992
kn952,0.00594273395836
kn953,0.00450276816264
kn954,0.00373208732344
kn955,0.00413492228836
kn956,0.00484188599512
kn957,0.00489671295509
kn958,0.00497407605872
kn959,0.00622044084594
kn960,0.00471137696877
kn961,0.0055648800917
kn962,0.00588697893545
kn963,0.00371347693726
kn964,0.00465933606029
kn965,0.00586461275816
kn966,0.00482964375988
kn967,0.00533319450915
kn968,0.00436204252765
kn969,0.00454894360155
kn970,0.00487365480512
kn971,0.00441711349413
kn972,0.00507777417079
kn973,0.00515766302124
kn974,0.00523514999077
kn975,0.00580435618758
kn976,0.00473922910169
kn977,0.00455134361982
kn978,0.00542513187975
kn979,0.0060101612471
kn980,0.0048357094638
kn981,0.00380163826048
kn982,0.00403644982725
kn983,0.00380275794305
kn984,0.00494742952287
kn985,0.00539686530828
kn986,0.00444542011246
kn987,0.00551249878481
kn988,0.00584756489843
kn989,0.00491264509037
kn990,0.00448105903342
kn991,0.0037043443881
kn992,0.00508409691975
kn993,0.005528294947
kn994,0.00380273815244
kn995,0.00461439462379
kn996,0.00498802214861
kn997,0.00502413325012
kn998,0.00492109311745
kn999,0.00626261020079
kn1000,0.0037043443881
kn1001,0.00500800041482
kn1002,0.00371240079403
kn1003,0.00463687814772
kn1004,0.0037043443881
kn1005,0.00373246823438
kn1006,0.00390588399023
kn1007,0.00389584410004
kn1008,0.00500637805089
kn1009,0.00479221902788
kn1010,0.00500301551074
kn1011,0.00473552616313
kn1012,0.00371878710575
kn1013,0.00608741026372
kn1014,0.00508382217959
kn1015,0.00387744582258
kn1016,0.00370833277702
kn1017,0.00464889034629
kn1018,0.00370537769049
kn1019,0.00443295901641
kn1020,0.00517820892856
kn1021,0.004696468357
kn1022,0.00371460104361
kn1023,0.00383373838849
kn1024,0.00370833277702
kn1025,0.00570411141962
kn1026,0.00374117214233
kn1027,0.00582375191152
kn1028,0.00467283418402
kn1029,0.0045463014394
kn1030,0.00370336091146
kn1031,0.00443213200197
kn1032,0.00377165083773
kn1033,0.00375595805235
kn1034,0.00504218833521
kn1035,0.00384216057137
kn1036,0.0051875053905
kn1037,0.00377189996652
kn1038,0.00371191045269
kn1039,0.00559622887522
kn1040,0.00475595146418
kn1041,0.00445192446932
kn1042,0.00378735177219
kn1043,0.00471569411457
kn1044,0.00550118135288
kn1045,0.0061047882773
kn1046,0.00474383309484
kn1047,0.00375270843506
kn1048,0.00401880219579
kn1049,0.00445663137361
kn1050,0.00475306296721
kn1051,0.00489469617605
kn1052,0.00396721297875
kn1053,0.00607371283695
kn1054,0.00370537769049
kn1055,0.0037043443881
kn1056,0.0037043443881
kn1057,0.0050627454184
kn1058,0.00378889706917
kn1059,0.00631757592782
kn1060,0.00511205056682
kn1061,0.00505041237921
kn1062,0.00513114081696
kn1063,0.00370587757789
kn1064,0.0049672932364
kn1065,0.00377783365548
kn1066,0.00576900830492
kn1067,0.0048599857837
kn1068,0.00465254997835
kn1069,0.00466317217797
kn1070,0.00444461591542
kn1071,0.00497945537791
kn1072,0.00466453796253
kn1073,0.00378219154663
kn1074,0.00551130436361
kn1075,0.00398500403389
kn1076,0.00373690924607
kn1077,0.00536739267409
kn1078,0.0037661974784
kn1079,0.00432457914576
kn1080,0.00370833277702
kn1081,0.0037043443881
kn1082,0.00454733753577
kn1083,0.00456082867458
kn1084,0.00479252124205
kn1085,0.00510336877778
kn1086,0.00496161915362
kn1087,0.00493502430618
kn1088,0.00505073834211
kn1089,0.00381874339655
kn1090,0.00377410813235
kn1091,0.00401625875384
kn1092,0.00375854037702
kn1093,0.0044273561798
kn1094,0.00482850521803
kn1095,0.00448933057487
kn1096,0.00441581802443
kn1097,0.00455358438194
kn1098,0.00542877335101
kn1099,0.004420010373
kn1100,0.00382347917184
kn1101,0.00509988376871
kn1102,0.00432333722711
kn1103,0.00373145076446
kn1104,0.00499114440754
kn1105,0.0044182962738
kn1106,0.0037043443881
kn1107,0.00435772445053
kn1108,0.0042152479291
kn1109,0.00459780124947
kn1110,0.00438564596698
kn1111,0.00388623331673
kn1112,0.00386157119647
kn1113,0.0037043443881
kn1114,0.00511883804575
kn1115,0.00523157045245
kn1116,0.00450576143339
kn1117,0.00505334092304
kn1118,0.00374602735974
kn1119,0.00408673053607
kn1120,0.00488535501063
kn1121,0.00528117874637
kn1122,0.00490158516914
kn1123,0.00452692527324
kn1124,0.00525040971115
kn1125,0.00490973703563
kn1126,0.00376364355907
kn1127,0.00370484776795
kn1128,0.00382490688935
kn1129,0.00587445124984
kn1130,0.00381059153005
kn1131,0.00498143769801
kn1132,0.0038082676474
kn1133,0.00436670472845
kn1134,0.00377329764888
kn1135,0.0051977718249
kn1136,0.00550614530221
kn1137,0.00420392397791
kn1138,0.00527413422242
kn1139,0.00412141531706
kn1140,0.00557172624394
kn1141,0.00479221437126
kn1142,0.00458387704566
kn1143,0.00471351714805
kn1144,0.00373282679357
kn1145,0.00380172464065
kn1146,0.00460367510095
kn1147,0.00425269454718
kn1148,0.00466459803283
kn1149,0.00517140934244
kn1150,0.00370833277702
kn1151,0.00379921519198
kn1152,0.00452472735196
kn1153,0.00496886530891
kn1154,0.00394921796396
kn1155,0.00380221614614
kn1156,0.00374669814482
kn1157,0.0053849760443
kn1158,0.00448560295627
kn1159,0.00416496861726
kn1160,0.00375054660253
kn1161,0.00376693811268
kn1162,0.004075079225
kn1163,0.00488160084933
kn1164,0.00466573378071
kn1165,0.00371138006449
kn1166,0.0048620919697
kn1167,0.00393242528662
kn1168,0.00506186624989
kn1169,0.00456305453554
kn1170,0.00603750441223
kn1171,0.0039333421737
kn1172,0.00379197462462
kn1173,0.00387312588282
kn1174,0.00485143298283
kn1175,0.00387420551851
kn1176,0.005158808548
kn1177,0.00381626677699
kn1178,0.00462620146573
kn1179,0.00537214521319
kn1180,0.00387451658025
kn1181,0.00614966871217
kn1182,0.00464313710108
kn1183,0.00527195585892
kn1184,0.00546541437507
kn1185,0.00583377340809
kn1186,0.00370984454639
kn1187,0.00597766041756
kn1188,0.00442714244127
kn1189,0.00508158421144
kn1190,0.00380025873892
kn1191,0.00386177841574
kn1192,0.00378735177219
kn1193,0.00378074939363
kn1194,0.00466742366552
kn1195,0.00520023331046
kn1196,0.00515182362869
kn1197,0.00480167474598
kn1198,0.004696468357
kn1199,0.00377240893431
kn1200,0.00376450875774
kn1201,0.00377329601906
kn1202,0.00538804428652
kn1203,0.0037043443881
kn1204,0.00438975542784
kn1205,0.00520641822368
kn1206,0.00370336091146
kn1207,0.00380627484992
kn1208,0.00491171283647
kn1209,0.00467106234282
kn1210,0.00481416424736
kn1211,0.0037043443881
kn1212,0.00375272636302
kn1213,0.00447807973251
kn1214,0.00392919545993
kn1215,0.00396234355867
kn1216,0.00494842929766
kn1217,0.00370336091146
kn1218,0.00491789542139
kn1219,0.0037043443881
kn1220,0.00514733605087
kn1221,0.00370985851623
kn1222,0.00370626663789
kn1223,0.00522997789085
kn1224,0.00370883475989
kn1225,0.00416600098833
kn1226,0.00412931060418
kn1227,0.00470795901492
kn1228,0.00397792598233
kn1229,0.00467626843601
kn1230,0.004222238902
kn1231,0.00405839271843
kn1232,0.0037393278908
kn1233,0.00447952374816
kn1234,0.00438849721104
kn1235,0.00593353807926
kn1236,0.00422469945624
kn1237,0.00565494038165
kn1238,0.00468749878928
kn1239,0.00436673359945
kn1240,0.00480759842321
kn1241,0.00455765379593
kn1242,0.00536933820695
kn1243,0.00479538319632
kn1244,0.00372693501413
kn1245,0.00378026091494
kn1246,0.00370336091146
kn1247,0.00501912087202
kn1248,0.00460076145828
kn1249,0.00422357814386
kn1250,0.00468669366091
kn1251,0.00370936701074
kn1252,0.00377941317856
kn1253,0.00492966081947
kn1254,0.00538536673412
kn1255,0.00534260459244
kn1256,0.00377561408095
kn1257,0.00587834557518
kn1258,0.00457964930683
kn1259,0.0043118740432
kn1260,0.00455972459167
kn1261,0.00452741933987
kn1262,0.0043921219185
kn1263,0.00588522665203
kn1264,0.00454372586682
kn1265,0.00374186015688
kn1266,0.00371240079403
kn1267,0.00469056749716
kn1268,0.00505418283865
kn1269,0.00522103207186
kn1270,0.00430255709216
kn1271,0.00609929347411
kn1272,0.00415461789817
kn1273,0.00379096390679
kn1274,0.00516502512619
kn1275,0.00558931799605
kn1276,0.00389833166264
kn1277,0.00383940571919
kn1278,0.00527249602601
kn1279,0.00375056639314
kn1280,0.0037043443881
kn1281,0.00441911863163
kn1282,0.00380107806996
kn1283,0.00370484776795
kn1284,0.00510204210877
kn1285,0.00393635313958
kn1286,0.00533594982699
kn1287,0.00398805597797
kn1288,0.00526032829657
kn1289,0.0037043443881
kn1290,0.00375670730136
kn1291,0.00535607943311
kn1292,0.00395361566916
kn1293,0.00424972549081
kn1294,0.00432786159217
kn1295,0.00568078737706
kn1296,0.00409731501713
kn1297,0.00370386079885
kn1298,0.00372419366613
kn1299,0.00481125479564
kn1300,0.00441844761372
kn1301,0.00375545094721
kn1302,0.00483160838485
kn1303,0.00375828007236
kn1304,0.00380456470884
kn1305,0.00525549985468
kn1306,0.0037043443881
kn1307,0.00601341528818
kn1308,0.00489126518369
kn1309,0.00462162774056
kn1310,0.00370882428251
kn1311,0.0037043443881
kn1312,0.00392510276288
kn1313,0.00474923709407
kn1314,0.0038016254548
kn1315,0.00532138952985
kn1316,0.00375545094721
kn1317,0.00481218611822
kn1318,0.00492524448782
kn1319,0.00503899110481
kn1320,0.00377057236619
kn1321,0.00381494523026
kn1322,0.00382074853405
kn1323,0.00445201760158
kn1324,0.00370336091146
kn1325,0.0037043443881
kn1326,0.00370435137302
kn1327,0.00498514994979
kn1328,0.00370587757789
kn1329,0.00489413458854
kn1330,0.00380123546347
kn1331,0.0047870115377
kn1332,0.00474640447646
kn1333,0.00525498390198
kn1334,0.00528410030529
kn1335,0.00371716381051
kn1336,0.00372693501413
kn1337,0.0039264340885
kn1338,0.00374587462284
kn1339,0.00566756725311
kn1340,0.00370984454639
kn1341,0.00387858226895
kn1342,0.00510493805632
kn1343,0.00374602735974
kn1344,0.00534102879465
kn1345,0.00424040947109
kn1346,0.00490426504984
kn1347,0.00387277058326
kn1348,0.00545358704403
kn1349,0.00370336091146
kn1350,0.00496479822323
kn1351,0.00377511209808
kn1352,0.00503427861258
kn1353,0.00371240079403
kn1354,0.00545871257782
kn1355,0.00370833277702
kn1356,0.00377719127573
kn1357,0.00431330921128
kn1358,0.00380709394813
kn1359,0.00405093329027
kn1360,0.00384446443059
kn1361,0.00503405183554
kn1362,0.00530870910734
kn1363,0.00444072065875
kn1364,0.0045763310045
kn1365,0.0037108794786
kn1366,0.00533353816718
kn1367,0.0037043443881
kn1368,0.00450036395341
kn1369,0.00619353912771
kn1370,0.00446868781
kn1371,0.00497836340219
kn1372,0.00370336091146
kn1373,0.00373518606648
kn1374,0.00370537769049
kn1375,0.00441361311823
kn1376,0.00415721908212
kn1377,0.00379146309569
kn1378,0.00375153380446
kn1379,0.00492180977017
kn1380,0.00485933339223
kn1381,0.00454326858744
kn1382,0.00493345363066
kn1383,0.00370484427549
kn1384,0.00374117214233
kn1385,0.00471132947132
kn1386,0.00370484427549
kn1387,0.00437235506251
kn1388,0.00563785433769
kn1389,0.00474483054131
kn1390,0.00492735952139
kn1391,0.00436204019934
kn1392,0.00436682673171
kn1393,0.00370336091146
kn1394,0.00382916466333
kn1395,0.0037043443881
kn1396,0.00472320849076
kn1397,0.00414896337315
kn1398,0.00409682514146
kn1399,0.00370484427549
kn1400,0.00403504120186
kn1401,0.0039222012274
kn1402,0.00372693501413
kn1403,0.00464603397995
kn1404,0.0037043443881
kn1405,0.0044071264565
kn1406,0.00540641788393
kn1407,0.004737989977
kn1408,0.00392418773845
kn1409,0.00396765395999
kn1410,0.0055136596784
kn1411,0.00374703994021
kn1412,0.00486744521186
kn1413,0.0047159511596
kn1414,0.00375683559105
kn1415,0.00496679823846
kn1416,0.00497972406447
kn1417,0.00393146136776
kn1418,0.00490101333708
kn1419,0.00491368956864
kn1420,0.005187404342
kn1421,0.0048227799125
kn1422,0.00379122886807
kn1423,0.0037043443881
kn1424,0.00370537769049
kn1425,0.00506998039782
kn1426,0.00549889355898
kn1427,0.00379671319388
kn1428,0.00372466794215
kn1429,0.00508585572243
kn1430,0.00550331827253
kn1431,0.00397286983207
kn1432,0.00545069901273
kn1433,0.0037043443881
kn1434,0.00508580496535
kn1435,0.00488448515534
kn1436,0.00506339408457
kn1437,0.00370537769049
kn1438,0.0054443590343
kn1439,0.00374999805354
kn1440,0.00537754921243
kn1441,0.00601683882996
kn1442,0.0037043443881
kn1443,0.00370587757789
kn1444,0.00375585095026
kn1445,0.00509874662384
kn1446,0.00472442619503
kn1447,0.00378192751668
kn1448,0.00405356194824
kn1449,0.00383107503876
kn1450,0.00508245499805
kn1451,0.00463654613122
kn1452,0.00380110205151
kn1453,0.0044588977471
kn1454,0.00392919545993
kn1455,0.00370537769049
kn1456,0.00515845604241
kn1457,0.00397460628301
kn1458,0.00505676306784
kn1459,0.0037814010866
kn1460,0.00383138400503
kn1461,0.00490867486224
kn1462,0.0056087593548
kn1463,0.00619656266645
kn1464,0.00605231337249
kn1465,0.00442496081814
kn1466,0.0051103727892
kn1467,0.0045452658087
kn1468,0.0052437693812
kn1469,0.00485771941021
kn1470,0.00500056194142
kn1471,0.00566663453355
kn1472,0.0037043443881
kn1473,0.00439683441073
kn1474,0.00478784553707
kn1475,0.00397515343502
kn1476,0.00374890235253
kn1477,0.00516516482458
kn1478,0.00422487175092
kn1479,0.00377240893431
kn1480,0.00481030251831
kn1481,0.004768605344
kn1482,0.00401131436229
kn1483,0.00370336091146
kn1484,0.00516359228641
kn1485,0.00510599184781
kn1486,0.00392122892663
kn1487,0.00504109775648
kn1488,0.00460631307214
kn1489,0.00371124758385
kn1490,0.00394143816084
kn1491,0.00475865835324
kn1492,0.00456182239577
kn1493,0.00462114950642
kn1494,0.00412696972489
kn1495,0.00378724001348
kn1496,0.00450585968792
kn1497,0.00551412720233
kn1498,0.00380536355078
kn1499,0.00372580578551
kn1500,0.00379045656882
kn1501,0.00438437191769
kn1502,0.00456946110353
kn1503,0.0037316174712
kn1504,0.00447072647512
kn1505,0.00403615087271
kn1506,0.0045976745896
kn1507,0.00467142416164
kn1508,0.00372743792832
kn1509,0.00402191653848
kn1510,0.00403352361172
kn1511,0.00527118565515
kn1512,0.00393655709922
kn1513,0.00377098447643
kn1514,0.00530474726111
kn1515,0.0037043443881
kn1516,0.00371761596762
kn1517,0.00379099277779
kn1518,0.0043620322831
kn1519,0.00513892853633
kn1520,0.00375783350319
kn1521,0.00441997079179
kn1522,0.00371918641031
kn1523,0.00521004525945
kn1524,0.00370537769049
kn1525,0.00534292915836
kn1526,0.00382815324701
kn1527,0.00524433609098
kn1528,0.00405468093231
kn1529,0.00391271384433
kn1530,0.00383531372063
kn1531,0.00485311821103
kn1532,0.0037490343675
kn1533,0.00444927532226
kn1534,0.00484292721376
kn1535,0.0044182841666
kn1536,0.00450578704476
kn1537,0.0037346961908
kn1538,0.00452963542193
kn1539,0.0040256427601
kn1540,0.00413492228836
kn1541,0.00491523789242
kn1542,0.00476324930787
kn1543,0.00396488094702
kn1544,0.00370587757789
kn1545,0.00384221714921
kn1546,0.00480389269069
kn1547,0.00409620860592
kn1548,0.00377587787807
kn1549,0.00533210905269
kn1550,0.00374839664437
kn1551,0.00418316759169
kn1552,0.00450275698677
kn1553,0.00386118958704
kn1554,0.00504749454558
kn1555,0.00565518159419
kn1556,0.00374434771948
kn1557,0.00386288273148
kn1558,0.00470510451123
kn1559,0.0045343101956
kn1560,0.0055584134534
kn1561,0.0057440395467
kn1562,0.00490857707337
kn1563,0.00457831891254
kn1564,0.00492624891922
kn1565,0.00370587757789
kn1566,0.00571718858555
kn1567,0.00444499775767
kn1568,0.00370336091146
kn1569,0.00519449356943
kn1570,0.00370998354629
kn1571,0.00409038830549
kn1572,0.00423332350329
kn1573,0.00381961627863
kn1574,0.00380599102937
kn1575,0.00405119312927
kn1576,0.00371761596762
kn1577,0.00370484427549
kn1578,0.00382744055241
kn1579,0.00505472905934
kn1580,0.0050584981218
kn1581,0.00479999836534
kn1582,0.00570259941742
kn1583,0.00387957366183
kn1584,0.00387327652425
kn1585,0.00529908947647
kn1586,0.00370537769049
kn1587,0.00377762364224
kn1588,0.00613677455112
kn1589,0.00370484427549
kn1590,0.00384866865352
kn1591,0.00497460691258
kn1592,0.00387327652425
kn1593,0.00505953282118
kn1594,0.00492825265974
kn1595,0.00453620264307
kn1596,0.00396105088294
kn1597,0.00463895173743
kn1598,0.00450764410198
kn1599,0.0037043443881
kn1600,0.00371769024059
kn1601,0.00496491091326
kn1602,0.0037043443881
kn1603,0.00474399514496
kn1604,0.00525561720133
kn1605,0.00375834759325
kn1606,0.00483296113089
kn1607,0.0037730790209
kn1608,0.0037424096372
kn1609,0.00498148007318
kn1610,0.00404766388237
kn1611,0.00401358958334
kn1612,0.00378842581995
kn1613,0.00397215830162
kn1614,0.00425060326234
kn1615,0.00426722737029
kn1616,0.0046226195991
kn1617,0.00587261933833
kn1618,0.00446230918169
kn1619,0.00434969458729
kn1620,0.00443435460329
kn1621,0.00586956599727
kn1622,0.00378488912247
kn1623,0.00464989244938
kn1624,0.00556708639488
kn1625,0.00370847177692
kn1626,0.00465481402352
kn1627,0.00453842105344
kn1628,0.00385080440901
kn1629,0.00527055794373
kn1630,0.00370587757789
kn1631,0.00472197122872
kn1632,0.00390090257861
kn1633,0.00592150958255
kn1634,0.00478616449982
kn1635,0.0048303771764
kn1636,0.00591250648722
kn1637,0.00468726968393
kn1638,0.00462457025424
kn1639,0.00411081546918
kn1640,0.00370336091146
kn1641,0.00536463176832
kn1642,0.0038977691438
kn1643,0.00384799437597
kn1644,0.00371819385327
kn1645,0.00485395919532
kn1646,0.00473368586972
kn1647,0.00377999665216
kn1648,0.00431008730084
kn1649,0.00390924746171
kn1650,0.00513661513105
kn1651,0.00383840641007
kn1652,0.00374464690685
kn1653,0.00387015379965
kn1654,0.00513835577294
kn1655,0.00505802081898
kn1656,0.00469189463183
kn1657,0.00379930739291
kn1658,0.00464989431202
kn1659,0.00378396688029
kn1660,0.00530443759635
kn1661,0.00523749738932
kn1662,0.00487214513123
kn1663,0.00417864695191
kn1664,0.00479397037998
kn1665,0.00491040339693
kn1666,0.00484361220151
kn1667,0.00513465888798
kn1668,0.00466130953282
kn1669,0.00449170777574
kn1670,0.0038156628143
kn1671,0.00504524912685
kn1672,0.00399122014642
kn1673,0.00404931185767
kn1674,0.00376443727873
kn1675,0.00393445603549
kn1676,0.00504175527021
kn1677,0.00380010181107
kn1678,0.0048382547684
kn1679,0.00463374098763
kn1680,0.00387350819074
kn1681,0.0050985920243
kn1682,0.00375834084116
kn1683,0.00550895789638
kn1684,0.00385311013088
kn1685,0.00497927563265
kn1686,0.0052490150556
kn1687,0.00370537769049
kn1688,0.00455758022144
kn1689,0.00387744582258
kn1690,0.00404012808576
kn1691,0.00398993538693
kn1692,0.00476440461352
kn1693,0.00459168804809
kn1694,0.00476700114086
kn1695,0.00389849813655
kn1696,0.00569126615301
kn1697,0.00477638235316
kn1698,0.00384539412335
kn1699,0.00370587757789
kn1700,0.00479220086709
kn1701,0.00375873525627
kn1702,0.00450464524329
kn1703,0.0047090719454
kn1704,0.00380508694798
kn1705,0.00525312218815
kn1706,0.00390062644146
kn1707,0.00389691162854
kn1708,0.00483467895538
kn1709,0.00376202049665
kn1710,0.00606075581163
kn1711,0.00381213030778
kn1712,0.00394150894135
kn1713,0.0037129460834
kn1714,0.00451769679785
kn1715,0.00595769891515
kn1716,0.00400069961324
kn1717,0.00405011791736
kn1718,0.00372968940064
kn1719,0.0045383842662
kn1720,0.00375873525627
kn1721,0.00375432916917
kn1722,0.00371240079403
kn1723,0.00372693501413
kn1724,0.00396178290248
kn1725,0.00370386079885
kn1726,0.00505294557661
kn1727,0.00388474063948
kn1728,0.00461254222319
kn1729,0.00372332148254
kn1730,0.00370537769049
kn1731,0.00449265865609
kn1732,0.00480381725356
kn1733,0.0047521116212
kn1734,0.00370537769049
kn1735,0.00535378605127
kn1736,0.0037043443881
kn1737,0.00387748982757
kn1738,0.00415720511228
kn1739,0.00389616377652
kn1740,0.00499730044976
kn1741,0.00543127954006
kn1742,0.00374513934366
kn1743,0.00488746957853
kn1744,0.00505730323493
kn1745,0.00533482339233
kn1746,0.00523523427546
kn1747,0.0059500313364
kn1748,0.00377372954972
kn1749,0.00489976909012
kn1750,0.00496561545879
kn1751,0.00396019872278
kn1752,0.00377884390764
kn1753,0.00405191443861
kn1754,0.00445893360302
kn1755,0.00463648000732
kn1756,0.00495508592576
kn1757,0.0037043443881
kn1758,0.00376690970734
kn1759,0.00455157225952
kn1760,0.00495807733387
kn1761,0.00579618662596
kn1762,0.00446953205392
kn1763,0.00486600631848
kn1764,0.00391738861799
kn1765,0.00414732657373
kn1766,0.00547923799604
kn1767,0.00435193581507
kn1768,0.00541832577437
kn1769,0.00507771642879
kn1770,0.00419067637995
kn1771,0.00560218701139
kn1772,0.00480509642512
kn1773,0.00387327652425
kn1774,0.00397067237645
kn1775,0.00504715228453
kn1776,0.0037043443881
kn1777,0.00561904255301
kn1778,0.00387224834412
kn1779,0.00496302684769
kn1780,0.00490205269307
kn1781,0.00395756633952
kn1782,0.00472067855299
kn1783,0.0037043443881
kn1784,0.00370587757789
kn1785,0.00387327652425
kn1786,0.00391302024946
kn1787,0.00463268347085
kn1788,0.00370678282343
kn1789,0.00524751609191
kn1790,0.0037043443881
kn1791,0.00505973165855
kn1792,0.00387327652425
kn1793,0.00449920399114
kn1794,0.00546056171879
kn1795,0.00506629189476
kn1796,0.00499812327325
kn1797,0.00541938468814
kn1798,0.00526876375079
kn1799,0.0037043443881
kn1800,0.00370336091146
kn1801,0.00540061108768
kn1802,0.00514879170805
kn1803,0.00473977113143
kn1804,0.00387327652425
kn1805,0.00522567518055
kn1806,0.00377682526596
kn1807,0.00491414684802
kn1808,0.00372481974773
kn1809,0.00520057370886
kn1810,0.00501251686364
kn1811,0.00513262068853
kn1812,0.0056546642445
kn1813,0.00383539195172
kn1814,0.00462196301669
kn1815,0.00515284296125
kn1816,0.00509030465037
kn1817,0.00370336091146
kn1818,0.00370984454639
kn1819,0.00508725037798
kn1820,0.00429700640962
kn1821,0.0037675392814
kn1822,0.00498910387978
kn1823,0.00437137577683
kn1824,0.00370791857131
kn1825,0.00418238714337
kn1826,0.00439690751955
kn1827,0.0038363665808
kn1828,0.00445601996034
kn1829,0.00375055382028
kn1830,0.00509026320651
kn1831,0.0046123820357
kn1832,0.00408833753318
kn1833,0.00449608080089
kn1834,0.00467109587044
kn1835,0.00549933407456
kn1836,0.00484117167071
kn1837,0.00455381767824
kn1838,0.00387327652425
kn1839,0.00387379899621
kn1840,0.00483288336545
kn1841,0.00512618245557
kn1842,0.0050733005628
kn1843,0.00401101494208
kn1844,0.00385123980232
kn1845,0.0054345484823
kn1846,0.0037043443881
kn1847,0.00447409600019
kn1848,0.00380336306989
kn1849,0.00371145736426
kn1850,0.00432152301073
kn1851,0.00376761076041
kn1852,0.00392401451245
kn1853,0.00450641382486
kn1854,0.00388003978878
kn1855,0.00615925854072
kn1856,0.0039431178011
kn1857,0.0038460153155
kn1858,0.00552795920521
kn1859,0.00441938312724
kn1860,0.00608808780089
kn1861,0.0051807500422
kn1862,0.00445402786136
kn1863,0.00495140301064
kn1864,0.00444924365729
kn1865,0.00509780831635
kn1866,0.00501287123188
kn1867,0.0037243172992
kn1868,0.00449566030875
kn1869,0.00499384710565
kn1870,0.00615097442642
kn1871,0.00413555046543
kn1872,0.00450701080263
kn1873,0.00373053108342
kn1874,0.00466549023986
kn1875,0.00377948349342
kn1876,0.00402192631736
kn1877,0.00400458741933
kn1878,0.0044946805574
kn1879,0.00440328475088
kn1880,0.00389146083035
kn1881,0.00387379899621
kn1882,0.00466640479863
kn1883,0.00392919545993
kn1884,0.00526794139296
kn1885,0.00531488424167
kn1886,0.00486108614132
kn1887,0.00453675817698
kn1888,0.00491496035829
kn1889,0.00370484427549
kn1890,0.00513839209452
kn1891,0.00370336091146
kn1892,0.0037043443881
kn1893,0.00454841274768
kn1894,0.00471926527098
kn1895,0.00531903002411
kn1896,0.00379054294899
kn1897,0.00414194026962
kn1898,0.00466043967754
kn1899,0.00398639542982
kn1900,0.00539365364239
kn1901,0.00462897121906
kn1902,0.00436933804303
kn1903,0.00375783350319
kn1904,0.00614693574607
kn1905,0.00484222173691
kn1906,0.00387224834412
kn1907,0.00482383277267
kn1908,0.00558452866971
kn1909,0.00390458968468
kn1910,0.0037043443881
kn1911,0.00393842160702
kn1912,0.00503195542842
kn1913,0.00520766573027
kn1914,0.00504888594151
kn1915,0.00390510517173
kn1916,0.00477052945644
kn1917,0.00463021919131
kn1918,0.00532531784847
kn1919,0.00380540732294
kn1920,0.00375928496942
kn1921,0.00441983621567
kn1922,0.0048046791926
kn1923,0.00478443596512
kn1924,0.00508646154776
kn1925,0.00506481854245
kn1926,0.00479312660173
kn1927,0.00370998354629
kn1928,0.00384290702641
kn1929,0.00444297911599
kn1930,0.00441580545157
kn1931,0.00479458691552
kn1932,0.00493241939694
kn1933,0.00370435137302
kn1934,0.00443096226081
kn1935,0.00496157212183
kn1936,0.00405597267672
kn1937,0.00399280712008
kn1938,0.00470956834033
kn1939,0.00467223068699
kn1940,0.00483883591369
kn1941,0.00536739267409
kn1942,0.00453787390143
kn1943,0.00389689300209
kn1944,0.00422509247437
kn1945,0.00375783350319
kn1946,0.00473794061691
kn1947,0.0053894398734
kn1948,0.00442761508748
kn1949,0.0037043443881
kn1950,0.00532170524821
kn1951,0.00371011253446
kn1952,0.00371748907492
kn1953,0.00387327652425
kn1954,0.00552030513063
kn1955,0.00581042654812
kn1956,0.0058354055509
kn1957,0.00465264683589
kn1958,0.00376151828095
kn1959,0.00509426416829
kn1960,0.00460978876799
kn1961,0.00559241417795
kn1962,0.00376701471396
kn1963,0.00429419381544
kn1964,0.00431216461584
kn1965,0.00437185075134
kn1966,0.00493521662429
kn1967,0.00394651805982
kn1968,0.00452067237347
kn1969,0.00501037947834
kn1970,0.00473712664098
kn1971,0.00559729570523
kn1972,0.00442628888413
kn1973,0.00478993821889
kn1974,0.00500056194142
kn1975,0.0050198873505
kn1976,0.00505581591278
kn1977,0.00389674887992
kn1978,0.00388043234125
kn1979,0.00466151535511
kn1980,0.00372578622773
kn1981,0.00535139953718
kn1982,0.00452547054738
kn1983,0.00439983094111
kn1984,0.00470451731235
kn1985,0.00456297025084
kn1986,0.00371092511341
kn1987,0.00560260377824
kn1988,0.0050920532085
kn1989,0.00370435137302
kn1990,0.00442056870088
kn1991,0.0037043443881
kn1992,0.00387224834412
kn1993,0.00387277058326
kn1994,0.00387224834412
kn1995,0.00514292065054
kn1996,0.00456233974546
kn1997,0.00538141466677
kn1998,0.00511468295008
kn1999,0.00521438149735
kn2000,0.00486380886286
kn2001,0.00482041155919
kn2002,0.0039281710051
kn2003,0.00567521993071
kn2004,0.00460234889761
kn2005,0.00477943941951
kn2006,0.00372743792832
kn2007,0.00372743955813
kn2008,0.00494534987956
kn2009,0.00383787415922
kn2010,0.00438437191769
kn2011,0.00464926334098
kn2012,0.0037108650431
kn2013,0.00389716564678
kn2014,0.00435767322779
kn2015,0.00510375853628
kn2016,0.00475708721206
kn2017,0.0049236388877
kn2018,0.0040541975759
kn2019,0.00370386079885
kn2020,0.00485243182629
kn2021,0.00390865141526
kn2022,0.00521412165835
kn2023,0.0051022162661
kn2024,0.00465455790982
kn2025,0.0041937045753
kn2026,0.00370984454639
kn2027,0.00445774616674
kn2028,0.00379981449805
kn2029,0.00449016829953
kn2030,0.00374703994021
kn2031,0.00370435137302
kn2032,0.00586008839309
kn2033,0.00380538147874
kn2034,0.00378126115538
kn2035,0.00471907900646
kn2036,0.0040343971923
kn2037,0.00373208732344
kn2038,0.00415623979643
kn2039,0.00566391600296
kn2040,0.00574313569814
kn2041,0.00505006266758
kn2042,0.00382633158006
kn2043,0.00374702201225
kn2044,0.00531736249104
kn2045,0.00585761666298
kn2046,0.00431411620229
kn2047,0.00409057503566
kn2048,0.00461685704067
kn2049,0.0037145302631
kn2050,0.00446470966563
kn2051,0.00460730399936
kn2052,0.00400660373271
kn2053,0.0037595317699
kn2054,0.00644535105675
kn2055,0.00401066662744
kn2056,0.0057080690749
kn2057,0.00370473880321
kn2058,0.00433655967936
kn2059,0.00388744077645
kn2060,0.00485469633713
kn2061,0.00381015334278
kn2062,0.00392284058034
kn2063,0.00494659645483
kn2064,0.00605200091377
kn2065,0.00470460625365
kn2066,0.00533333094791
kn2067,0.00472445739433
kn2068,0.00512802088633
kn2069,0.0050033335574
kn2070,0.00443475460634
kn2071,0.00512578804046
kn2072,0.00405145483091
kn2073,0.00494463928044
kn2074,0.00387261225842
kn2075,0.00480833975598
kn2076,0.00469821179286
kn2077,0.00448937946931
kn2078,0.00380954146385
kn2079,0.00542466854677
kn2080,0.00438437191769
kn2081,0.00576598383486
kn2082,0.00491537339985
kn2083,0.00397937558591
kn2084,0.00537068815902
kn2085,0.0037043443881
kn2086,0.00370336091146
kn2087,0.00523442262784
kn2088,0.00501544773579
kn2089,0.00375305046327
kn2090,0.00433463929221
kn2091,0.00453477725387
kn2092,0.00534757599235
kn2093,0.0037968067918
kn2094,0.00370336091146
kn2095,0.00376744614914
kn2096,0.00388486403972
kn2097,0.00542262895033
kn2098,0.00448949728161
kn2099,0.00387327652425
kn2100,0.00449978094548
kn2101,0.00412696972489
kn2102,0.0043281596154
kn2103,0.00371240079403
kn2104,0.0037043443881
kn2105,0.00373610528186
kn2106,0.00443390849978
kn2107,0.00398373231292
kn2108,0.00490648578852
kn2109,0.00479203928262
kn2110,0.00492320442572
kn2111,0.00494621135294
kn2112,0.00371492747217
kn2113,0.0051427767612
kn2114,0.00463490886614
kn2115,0.00458017969504
kn2116,0.00482858065516
kn2117,0.00383803294972
kn2118,0.00558175658807
kn2119,0.00398110132664
kn2120,0.0037043443881
kn2121,0.0039276224561
kn2122,0.0044188904576
kn2123,0.00390859972686
kn2124,0.00373145076446
kn2125,0.00454326625913
kn2126,0.00479208491743
kn2127,0.00382459443063
kn2128,0.00576365599409
kn2129,0.00607672147453
kn2130,0.00514380913228
kn2131,0.00514918006957
kn2132,0.00370885943994
kn2133,0.00452456204221
kn2134,0.0051377825439
kn2135,0.00380542664789
kn2136,0.0039249425754
kn2137,0.00436672521755
kn2138,0.00384528632276
kn2139,0.00388119206764
kn2140,0.00435693422332
kn2141,0.0046244035475
kn2142,0.00454887049273
kn2143,0.00374702201225
kn2144,0.00464297877625
kn2145,0.00371290184557
kn2146,0.0037043443881
kn2147,0.00438975542784
kn2148,0.0049147461541
kn2149,0.0039516557008
kn2150,0.00480265030637
kn2151,0.00387902627699
kn2152,0.0044119101949
kn2153,0.00534669077024
kn2154,0.00541843893006
kn2155,0.00457995990291
kn2156,0.00385663285851
kn2157,0.00464033707976
kn2158,0.00397107191384
kn2159,0.00447375839576
kn2160,0.00491251936182
kn2161,0.00504711875692
kn2162,0.00379096390679
kn2163,0.00373568828218
kn2164,0.00464502628893
kn2165,0.00505347782746
kn2166,0.00372382393107
kn2167,0.00436514569446
kn2168,0.00570308370516
kn2169,0.00599837629125
kn2170,0.00377022684552
kn2171,0.00400966499001
kn2172,0.0049989130348
kn2173,0.00506311282516
kn2174,0.00453665666282
kn2175,0.00375391892157
kn2176,0.00627647759393
kn2177,0.00523457909003
kn2178,0.0048539750278
kn2179,0.00520721869543
kn2180,0.00370984454639
kn2181,0.00370435137302
kn2182,0.00380167784169
kn2183,0.00516235083342
kn2184,0.00393543159589
kn2185,0.00372743792832
kn2186,0.00375801930204
kn2187,0.00372481974773
kn2188,0.00475623365492
kn2189,0.00530470721424
kn2190,0.004948255606
kn2191,0.00377708347514
kn2192,0.00370833277702
kn2193,0.00443010451272
kn2194,0.00422079954296
kn2195,0.00468261167407
kn2196,0.00523290829733
kn2197,0.00447483500466
kn2198,0.00571298552677
kn2199,0.00377771165222
kn2200,0.00526980822906
kn2201,0.00430700462312
kn2202,0.00463400734589
kn2203,0.00374890235253
kn2204,0.00423878058791
kn2205,0.00425406591967
kn2206,0.0044957883656
kn2207,0.00487900245935
kn2208,0.0037043443881
kn2209,0.00370984454639
kn2210,0.00370484427549
kn2211,0.00385537999682
kn2212,0.0046887267381
kn2213,0.00537717482075
kn2214,0.00472582504153
kn2215,0.00497683091089
kn2216,0.00454123737291
kn2217,0.00389689300209
kn2218,0.00502215558663
kn2219,0.00441943341866
kn2220,0.0047507584095
kn2221,0.00531398458406
kn2222,0.00397245679051
kn2223,0.00391738116741
kn2224,0.00459389202297
kn2225,0.00570753589272
kn2226,0.00405217241496
kn2227,0.00384958111681
kn2228,0.00464520510286
kn2229,0.00397286610678
kn2230,0.00537654198706
kn2231,0.00503866607323
kn2232,0.00527956336737
kn2233,0.00400116713718
kn2234,0.00377819966525
kn2235,0.00503874011338
kn2236,0.00494452659041
kn2237,0.00566673930734
kn2238,0.0039115245454
kn2239,0.00380747392774
kn2240,0.00370336091146
kn2241,0.00387327652425
kn2242,0.00389689300209
kn2243,0.00388656929135
kn2244,0.00494543462992
kn2245,0.00480086170137
kn2246,0.00511113414541
kn2247,0.00495856441557
kn2248,0.00383122940548
kn2249,0.00459972815588
kn2250,0.00535747176036
kn2251,0.00491815153509
kn2252,0.0038627544418
kn2253,0.00370985176414
kn2254,0.0049122213386
kn2255,0.0037043443881
kn2256,0.00375907472335
kn2257,0.00516202999279
kn2258,0.00503806630149
kn2259,0.00441429624334
kn2260,0.00478230463341
kn2261,0.00405119312927
kn2262,0.00486528826877
kn2263,0.00570293236524
kn2264,0.00397465145215
kn2265,0.00417900411412
kn2266,0.00454013794661
kn2267,0.00487428437918
kn2268,0.00380275794305
kn2269,0.00382417300716
kn2270,0.00374637986533
kn2271,0.00524517940357
kn2272,0.00378309725784
kn2273,0.00376278162003
kn2274,0.00537047395483
kn2275,0.00482740066946
kn2276,0.00462050689384
kn2277,0.00512984581292
kn2278,0.0045119873248
kn2279,0.00380538729951
kn2280,0.00562165910378
kn2281,0.00373208732344
kn2282,0.0037043443881
kn2283,0.00476049492136
kn2284,0.00535045517609
kn2285,0.00588570395485
kn2286,0.00448032096028
kn2287,0.00424043135718
kn2288,0.00373495533131
kn2289,0.00407818658277
kn2290,0.00490626273677
kn2291,0.00392402149737
kn2292,0.00394516671076
kn2293,0.00387327652425
kn2294,0.00476532056928
kn2295,0.00481923855841
kn2296,0.0037043443881
kn2297,0.00476109329611
kn2298,0.00387119804509
kn2299,0.00370435137302
kn2300,0.00375053752214
kn2301,0.00511528179049
kn2302,0.00468180701137
kn2303,0.00380173209123
kn2304,0.00411750702187
kn2305,0.0039033528883
kn2306,0.00522981630638
kn2307,0.00530814519152
kn2308,0.00396331679076
kn2309,0.00586843909696
kn2310,0.0037430759985
kn2311,0.00404917355627
kn2312,0.00488082272932
kn2313,0.0037043443881
kn2314,0.00384375406429
kn2315,0.00459531182423
kn2316,0.00421910220757
kn2317,0.00511829694733
kn2318,0.00387710123323
kn2319,0.00370922219008
kn2320,0.00415093591437
kn2321,0.00475538754836
kn2322,0.00373216532171
kn2323,0.00463090930134
kn2324,0.00527387438342
kn2325,0.00387224834412
kn2326,0.00477787246928
kn2327,0.00370410690084
kn2328,0.00522343022749
kn2329,0.00442363554612
kn2330,0.005275728181
kn2331,0.0049838302657
kn2332,0.00588212814182
kn2333,0.00392972538248
kn2334,0.00612189620733
kn2335,0.00372693501413
kn2336,0.00558509258553
kn2337,0.00622758688405
kn2338,0.00553519604728
kn2339,0.003785218345
kn2340,0.00553132360801
kn2341,0.00589083647355
kn2342,0.00488237431273
kn2343,0.00375949428417
kn2344,0.0037043443881
kn2345,0.00392815237865
kn2346,0.00543770985678
kn2347,0.0037043443881
kn2348,0.00479011330754
kn2349,0.00533608393744
kn2350,0.00389915402047
kn2351,0.00581280142069
kn2352,0.00490366248414
kn2353,0.00397297181189
kn2354,0.00454933475703
kn2355,0.00615180796012
kn2356,0.00505666760728
kn2357,0.00399038242176
kn2358,0.00463503226638
kn2359,0.00421850709245
kn2360,0.00387641647831
kn2361,0.00382579024881
kn2362,0.00468355836347
kn2363,0.00503830751404
kn2364,0.00388744077645
kn2365,0.00468064052984
kn2366,0.00551592698321
kn2367,0.00378552940674
kn2368,0.00396164366975
kn2369,0.00397189054638
kn2370,0.00393928028643
kn2371,0.00536711281165
kn2372,0.0045145410113
kn2373,0.00390664534643
kn2374,0.00374434771948
kn2375,0.00370985851623
kn2376,0.00382333737798
kn2377,0.00513376528397
kn2378,0.00485356990248
kn2379,0.00514086196199
kn2380,0.00513851875439
kn2381,0.00500318640843
kn2382,0.00482729543
kn2383,0.00497669400647
kn2384,0.00486872252077
kn2385,0.00375054660253
kn2386,0.00489834649488
kn2387,0.00527518289164
kn2388,0.00397839490324
kn2389,0.00395187130198
kn2390,0.00572414509952
kn2391,0.00465240655467
kn2392,0.00411189161241
kn2393,0.00402724929154
kn2394,0.00544489361346
kn2395,0.00381588935852
kn2396,0.00515752099454
kn2397,0.00441947765648
kn2398,0.00387327652425
kn2399,0.00392670463771
kn2400,0.00442627631128
kn2401,0.00376241351478
kn2402,0.00400423351675
kn2403,0.00545258587226
kn2404,0.00492047239095
kn2405,0.00512008927763
kn2406,0.0037043443881
kn2407,0.00372081575915
kn2408,0.00564980274066
kn2409,0.00378789147362
kn2410,0.00465154089034
kn2411,0.0037958889734
kn2412,0.00370435137302
kn2413,0.00532747572288
kn2414,0.00484056491405
kn2415,0.00521735288203
kn2416,0.00560777261853
kn2417,0.00389741873369
kn2418,0.00412240391597
kn2419,0.00373612297699
kn2420,0.00373356090859
kn2421,0.00375834084116
kn2422,0.0037043443881
kn2423,0.00378626515158
kn2424,0.00534988986328
kn2425,0.00373504054733
kn2426,0.00591243058443
kn2427,0.0039039333351
kn2428,0.00381168862805
kn2429,0.00523971393704
kn2430,0.00375292240642
kn2431,0.0060049588792
kn2432,0.00506795290858
kn2433,0.00370484427549
kn2434,0.00376746430993
kn2435,0.00478842947632
kn2436,0.00386222614907
kn2437,0.00390123436227
kn2438,0.00554669415578
kn2439,0.00430299853906
kn2440,0.00382869364694
kn2441,0.00376752321608
kn2442,0.00553891109303
kn2443,0.00477687455714
kn2444,0.00510291848332
kn2445,0.00472697615623
kn2446,0.00518749281764
kn2447,0.00388966081664
kn2448,0.00534291658551
kn2449,0.00479411147535
kn2450,0.00387327652425
kn2451,0.0053712585941
kn2452,0.00504715694115
kn2453,0.0038241930306
kn2454,0.00568722281605
kn2455,0.00376801542006
kn2456,0.00504248496145
kn2457,0.00447589950636
kn2458,0.00429129973054
kn2459,0.00388012989424
kn2460,0.00371493445709
kn2461,0.00385712576099
kn2462,0.00390392215922
kn2463,0.00463316263631
kn2464,0.00451174098998
kn2465,0.00498873926699
kn2466,0.00453307060525
kn2467,0.00501895416528
kn2468,0.00370435137302
kn2469,0.00624205451459
kn2470,0.00370435137302
kn2471,0.00538059556857
kn2472,0.00379767641425
kn2473,0.0037604640238
kn2474,0.00518883625045
kn2475,0.00422599352896
kn2476,0.00426265504211
kn2477,0.00437893392518
kn2478,0.00370485149324
kn2479,0.00410966994241
kn2480,0.00492230756208
kn2481,0.00559276994318
kn2482,0.00484148412943
kn2483,0.00402019778267
kn2484,0.00508126663044
kn2485,0.00405173934996
kn2486,0.00465117674321
kn2487,0.00392350554466
kn2488,0.00380172464065
kn2489,0.00405119312927
kn2490,0.003708840115
kn2491,0.00463321991265
kn2492,0.00380071531981
kn2493,0.0037043443881
kn2494,0.00461640581489
kn2495,0.00413127196953
kn2496,0.00547889014706
kn2497,0.00387725047767
kn2498,0.00507888756692
kn2499,0.00386639824137
kn2500,0.00605129264295
kn2501,0.0054319286719
kn2502,0.00467859068885
kn2503,0.00390314706601
kn2504,0.00510515086353
kn2505,0.00378044741228
kn2506,0.00391090195626
kn2507,0.00557635677978
kn2508,0.00461279368028
kn2509,0.00459704408422
kn2510,0.00448378082365
kn2511,0.00459661427885
kn2512,0.00586385373026
kn2513,0.0037966480013
kn2514,0.00405066413805
kn2515,0.00445727910846
kn2516,0.00387327652425
kn2517,0.00390267791227
kn2518,0.00525972945616
kn2519,0.00380346248858
kn2520,0.00474404683337
kn2521,0.0037043443881
kn2522,0.00370435137302
kn2523,0.00370651530102
kn2524,0.00523541076109
kn2525,0.00379197462462
kn2526,0.00378273427486
kn2527,0.00417562248185
kn2528,0.00446918187663
kn2529,0.00378648820333
kn2530,0.00415912596509
kn2531,0.00441888393834
kn2532,0.00551977055147
kn2533,0.00390158826485
kn2534,0.00522129237652
kn2535,0.0057009854354
kn2536,0.0037043443881
kn2537,0.00375834759325
kn2538,0.00375728751533
kn2539,0.0037043443881
kn2540,0.00512539409101
kn2541,0.00380172464065
kn2542,0.00473595317453
kn2543,0.0043480573222
kn2544,0.00461171660572
kn2545,0.00402509607375
kn2546,0.00533395819366
kn2547,0.0046554217115
kn2548,0.00458843726665
kn2549,0.00375054660253
kn2550,0.00491600530222
kn2551,0.00379981449805
kn2552,0.00419469410554
kn2553,0.00430309260264
kn2554,0.00378889706917
kn2555,0.00480038812384
kn2556,0.00433540903032
kn2557,0.00388656929135
kn2558,0.00377215957269
kn2559,0.00388147006743
kn2560,0.00505705643445
kn2561,0.0044698799029
kn2562,0.00438426574692
kn2563,0.00386296934448
kn2564,0.00460825720802
kn2565,0.0040852772072
kn2566,0.00387598923407
kn2567,0.00486172968522
kn2568,0.00418141391128
kn2569,0.00512983137742
kn2570,0.00371559453197
kn2571,0.00549164135009
kn2572,0.00372676178813
kn2573,0.00457237521186
kn2574,0.0037043443881
kn2575,0.00477905571461
kn2576,0.00387261225842
kn2577,0.00381174264476
kn2578,0.00480109406635
kn2579,0.00433737318963
kn2580,0.00426904112101
kn2581,0.00370883313008
kn2582,0.00411087786779
kn2583,0.00397366238758
kn2584,0.00375457364134
kn2585,0.00530143454671
kn2586,0.0046889828518
kn2587,0.00428324285895
kn2588,0.00515224179253
kn2589,0.00397403817624
kn2590,0.00546727282926
kn2591,0.00430237967521
kn2592,0.00390013935976
kn2593,0.00392643781379
kn2594,0.00410966994241
kn2595,0.00374923902564
kn2596,0.00406972039491
kn2597,0.00372693501413
kn2598,0.00406920025125
kn2599,0.00554261635989
kn2600,0.0037802644074
kn2601,0.00496166851372
kn2602,0.00529368780553
kn2603,0.00387327652425
kn2604,0.0044615380466
kn2605,0.00376852368936
kn2606,0.00406240206212
kn2607,0.00413673697039
kn2608,0.00526744639501
kn2609,0.0041201338172
kn2610,0.00423587532714
kn2611,0.00539539102465
kn2612,0.00377370649949
kn2613,0.00598627980798
kn2614,0.00372743792832
kn2615,0.00477286847308
kn2616,0.00464511429891
kn2617,0.00456778751686
kn2618,0.00409048935398
kn2619,0.00437343679368
kn2620,0.0049905218184
kn2621,0.00475648418069
kn2622,0.00383626483381
kn2623,0.0045185633935
kn2624,0.00383277866058
kn2625,0.00381961627863
kn2626,0.00504334410653
kn2627,0.00455135200173
kn2628,0.00381683930755
kn2629,0.0047670439817
kn2630,0.00449352664873
kn2631,0.0038454872556
kn2632,0.00445540854707
kn2633,0.00397359626368
kn2634,0.00539042893797
kn2635,0.0047657978721
kn2636,0.00512038031593
kn2637,0.00471199583262
kn2638,0.00371084408835
kn2639,0.00387644767761
kn2640,0.00391045259312
kn2641,0.0046280156821
kn2642,0.0037043443881
kn2643,0.00605118088424
kn2644,0.00423532212153
kn2645,0.00574785331264
kn2646,0.00477681355551
kn2647,0.00440560374409
kn2648,0.00382838211954
kn2649,0.00523512298241
kn2650,0.00518479896709
kn2651,0.00441640475765
kn2652,0.00450104335323
kn2653,0.00483025796711
kn2654,0.0049071284011
kn2655,0.00509546510875
kn2656,0.00389980198815
kn2657,0.00372676178813
kn2658,0.00449093990028
kn2659,0.00478596240282
kn2660,0.00387956248596
kn2661,0.00525869894773
kn2662,0.00455247331411
kn2663,0.00468924967572
kn2664,0.00558298174292
kn2665,0.0037043443881
kn2666,0.00498315133154
kn2667,0.0037043443881
kn2668,0.00478864321485
kn2669,0.00433014286682
kn2670,0.00437585450709
kn2671,0.00474304519594
kn2672,0.00505735585466
kn2673,0.00378146232106
kn2674,0.00438867649063
kn2675,0.00428453274071
kn2676,0.00373348128051
kn2677,0.00511657539755
kn2678,0.00381215009838
kn2679,0.00477977935225
kn2680,0.00538780959323
kn2681,0.00405119312927
kn2682,0.00641329446808
kn2683,0.00478051230311
kn2684,0.00451892567798
kn2685,0.00459786644205
kn2686,0.0047252215445
kn2687,0.00505109503865
kn2688,0.00460954802111
kn2689,0.00442672614008
kn2690,0.00387902627699
kn2691,0.00370833277702
kn2692,0.00589279737324
kn2693,0.00382211175747
kn2694,0.0042869867757
kn2695,0.00614392152056
kn2696,0.00370434089564
kn2697,0.00535416183993
kn2698,0.00410242006183
kn2699,0.00460678804666
kn2700,0.00470311520621
kn2701,0.00483389478177
kn2702,0.00542904157192
kn2703,0.00402202736586
kn2704,0.00605963822454
kn2705,0.00380920851603
kn2706,0.00590885290876
kn2707,0.00433753803372
kn2708,0.00533066038042
kn2709,0.00375732290559
kn2710,0.00462283007801
kn2711,0.00422699656337
kn2712,0.00439508771524
kn2713,0.00431128451601
kn2714,0.00408871425316
kn2715,0.00446029938757
kn2716,0.00494313519448
kn2717,0.0052884304896
kn2718,0.00385684333742
kn2719,0.00506422761828
kn2720,0.00573583226651
kn2721,0.00514735095203
kn2722,0.00372406793758
kn2723,0.00599811505526
kn2724,0.00374601851217
kn2725,0.00453485921025
kn2726,0.00370384147391
kn2727,0.00416121026501
kn2728,0.00460049044341
kn2729,0.00389442453161
kn2730,0.00440513342619
kn2731,0.00459716143087
kn2732,0.0039249425754
kn2733,0.00472004665062
kn2734,0.00456307828426
kn2735,0.00505728647113
kn2736,0.00597922177985
kn2737,0.00507363770157
kn2738,0.00370384147391
kn2739,0.00383057608269
kn2740,0.00541841331869
kn2741,0.00370384147391
kn2742,0.00376489874907
kn2743,0.00595973758027
kn2744,0.00381617434323
kn2745,0.00371397449635
kn2746,0.00370384147391
kn2747,0.00435074372217
kn2748,0.00483317906037
kn2749,0.00475279940292
kn2750,0.00391617743298
kn2751,0.00592529727146
kn2752,0.0041327807121
kn2753,0.0049292887561
kn2754,0.00452694203705
kn2755,0.00374856777489
kn2756,0.00483338534832
kn2757,0.00498795602471
kn2758,0.00448863813654
kn2759,0.00380786461756
kn2760,0.00470679067075
kn2761,0.00598201993853
kn2762,0.00409829616547
kn2763,0.00410885596648
kn2764,0.00552633916959
kn2765,0.00473340507597
kn2766,0.00530678825453
kn2767,0.00453205080703
kn2768,0.00447315955535
kn2769,0.00478321686387
kn2770,0.0041269226931
kn2771,0.00410239119083
kn2772,0.0037269317545
kn2773,0.00523421680555
kn2774,0.00457991892472
kn2775,0.00472650723532
kn2776,0.00469924882054
kn2777,0.00391855742782
kn2778,0.00467783119529
kn2779,0.0044373976998
kn2780,0.00370523682795
kn2781,0.00503142317757
kn2782,0.00484038610011
kn2783,0.00469834543765
kn2784,0.0042684674263
kn2785,0.00414533214644
kn2786,0.00520354928449
kn2787,0.0038008056581
kn2788,0.0060051982291
kn2789,0.0038934352342
kn2790,0.00370285776444
kn2791,0.00429642293602
kn2792,0.00385136064142
kn2793,0.00597275234759
kn2794,0.0039286618121
kn2795,0.00527178822085
kn2796,0.00448090163991
kn2797,0.00370481633581
kn2798,0.00483952043578
kn2799,0.00538531318307
kn2800,0.00550529919565
kn2801,0.00370384147391
kn2802,0.0040387888439
kn2803,0.00376745359972
kn2804,0.00450341356918
kn2805,0.00387275055982
kn2806,0.00580639531836
kn2807,0.003703848226
kn2808,0.00503064505756
kn2809,0.00447313161567
kn2810,0.00504201371223
kn2811,0.00374501151964
kn2812,0.00451127439737
kn2813,0.00397830596194
kn2814,0.0048196525313
kn2815,0.00388798560016
kn2816,0.00533025851473
kn2817,0.0037243172992
kn2818,0.00474828621373
kn2819,0.0054480060935
kn2820,0.00520632462576
kn2821,0.00537382485345
kn2822,0.0046207155101
kn2823,0.00485466374084
kn2824,0.00375623791479
kn2825,0.00452975602821
kn2826,0.00370384147391
kn2827,0.00502696353942
kn2828,0.00444282079116
kn2829,0.0037087185774
kn2830,0.00475931307301
kn2831,0.00370627921075
kn2832,0.00385136413388
kn2833,0.0040809684433
kn2834,0.00404342031106
kn2835,0.00379370618612
kn2836,0.00600804202259
kn2837,0.00533935241401
kn2838,0.00465790368617
kn2839,0.00472836242989
kn2840,0.00405831588432
kn2841,0.00382552668452
kn2842,0.00388117181137
kn2843,0.00406509591267
kn2844,0.00410976540297
kn2845,0.00374955078587
kn2846,0.00370782869868
kn2847,0.00494575826451
kn2848,0.0037043443881
kn2849,0.0039321356453
kn2850,0.00515836523846
kn2851,0.00467071682215
kn2852,0.00374244502746
kn2853,0.00573598407209
kn2854,0.00371498730965
kn2855,0.00426826486364
kn2856,0.00388714927249
kn2857,0.00451562786475
kn2858,0.00374732492492
kn2859,0.00376549409702
kn2860,0.00536135025322
kn2861,0.00571062695235
kn2862,0.00391276041046
kn2863,0.00552463857457
kn2864,0.00434209778905
kn2865,0.00424392009154
kn2866,0.00589347630739
kn2867,0.00514673534781
kn2868,0.00372642860748
kn2869,0.00467509450391
kn2870,0.00396331120282
kn2871,0.0037452087272
kn2872,0.00458706589416
kn2873,0.00438800361007
kn2874,0.00464858999476
kn2875,0.00373096694238
kn2876,0.00370384147391
kn2877,0.00447558937594
kn2878,0.00374653283507
kn2879,0.00448185065761
kn2880,0.00395063636824
kn2881,0.00370934070088
kn2882,0.00488911382854
kn2883,0.00380444899201
kn2884,0.00442727236077
kn2885,0.00371042103507
kn2886,0.00511190295219
kn2887,0.00430932221934
kn2888,0.00389017653652
kn2889,0.00520057557151
kn2890,0.00387275055982
kn2891,0.00427542673424
kn2892,0.00440617091954
kn2893,0.00523034716025
kn2894,0.00503853941336
kn2895,0.00490138726309
kn2896,0.00474371388555
kn2897,0.00467867497355
kn2898,0.00496011739597
kn2899,0.00484970444813
kn2900,0.00477221142501
kn2901,0.0049035763368
kn2902,0.00397299043834
kn2903,0.00451102573425
kn2904,0.00372642860748
kn2905,0.00415243441239
kn2906,0.00511659728363
kn2907,0.00581716233864
kn2908,0.00444184429944
kn2909,0.00460207602009
kn2910,0.00531898485497
kn2911,0.003725286806
kn2912,0.00430558575317
kn2913,0.00370285776444
kn2914,0.00387227954343
kn2915,0.00377173139714
kn2916,0.00498447334394
kn2917,0.0051559433341
kn2918,0.00477201910689
kn2919,0.0058584632352
kn2920,0.00552177894861
kn2921,0.00370934070088
kn2922,0.00370384147391
kn2923,0.00458355294541
kn2924,0.00626373197883
kn2925,0.00376396509819
kn2926,0.00397606194019
kn2927,0.00370384147391
kn2928,0.00493736471981
kn2929,0.00466529559344
kn2930,0.00502443127334
kn2931,0.0048865834251
kn2932,0.00485567981377
kn2933,0.00370285776444
kn2934,0.00390198640525
kn2935,0.00501434598118
kn2936,0.00471468036994
kn2937,0.00385025958531
kn2938,0.00374569464475
kn2939,0.0045940275304
kn2940,0.00380012323149
kn2941,0.00460329046473
kn2942,0.00457245111465
kn2943,0.00476972106844
kn2944,0.00513695692644
kn2945,0.00451779970899
kn2946,0.00427962467074
kn2947,0.00374847115017
kn2948,0.00376539770514
kn2949,0.00377809023485
kn2950,0.00442712707445
kn2951,0.00472178077325
kn2952,0.00533587904647
kn2953,0.00504273874685
kn2954,0.00584588805214
kn2955,0.00472757034004
kn2956,0.00512659084052
kn2957,0.004424626939
kn2958,0.00428206566721
kn2959,0.00463390629739
kn2960,0.00441946508363
kn2961,0.00543521624058
kn2962,0.00545986229554
kn2963,0.00515873730183
kn2964,0.00636128569022
kn2965,0.003703848226
kn2966,0.00460093142465
kn2967,0.00474355369806
kn2968,0.00471381656826
kn2969,0.00536362966523
kn2970,0.0038739957381
kn2971,0.00478339847177
kn2972,0.00525516830385
kn2973,0.00371034326963
kn2974,0.00387275055982
kn2975,0.00461084535345
kn2976,0.00475331582129
kn2977,0.00436698878184
kn2978,0.0059099397622
kn2979,0.0037083553616
kn2980,0.00390164717101
kn2981,0.00618394324556
kn2982,0.00499493954703
kn2983,0.00386761408299
kn2984,0.00549175590277
kn2985,0.00434467941523
kn2986,0.00492895208299
kn2987,0.00382335367613
kn2988,0.00380644993857
kn2989,0.00493579963222
kn2990,0.00483607174829
kn2991,0.00387172214687
kn2992,0.00375648261979
kn2993,0.003806441091
kn2994,0.00461937347427
kn2995,0.00387231609784
kn2996,0.00457851262763
kn2997,0.00485976692289
kn2998,0.00596188800409
kn2999,0.00380871654488
kn3000,0.00372691010125
kn3001,0.00457112537697
kn3002,0.00520311715081
kn3003,0.00429134257138
kn3004,0.00499316956848
kn3005,0.0043309610337
kn3006,0.00470787193626
kn3007,0.00505268154666
kn3008,0.00491328863427
kn3009,0.00373283727095
kn3010,0.00453159306198
kn3011,0.00375732290559
kn3012,0.00464866077527
kn3013,0.00482726749033
kn3014,0.00373287987895
kn3015,0.00462213438004
kn3016,0.00415346585214
kn3017,0.00378149445169
kn3018,0.00370782869868
kn3019,0.00399507395923
kn3020,0.0052099339664
kn3021,0.00496301753446
kn3022,0.00370285776444
kn3023,0.00443992624059
kn3024,0.00513158366084
kn3025,0.00438480917364
kn3026,0.00444945879281
kn3027,0.00493512302637
kn3028,0.00528883934021
kn3029,0.00617211218923
kn3030,0.00477393530309
kn3031,0.00438916822895
kn3032,0.00372461997904
kn3033,0.0043234010227
kn3034,0.00395465781912
kn3035,0.00508078187704
kn3036,0.00376801542006
kn3037,0.00462569622323
kn3038,0.00370601122268
kn3039,0.00491125136614
kn3040,0.00387275055982
kn3041,0.00455176690593
kn3042,0.00392590463161
kn3043,0.00370384147391
kn3044,0.00603935588151
kn3045,0.00371615751646
kn3046,0.00377991236746
kn3047,0.00408808514476
kn3048,0.00436145253479
kn3049,0.00483143655583
kn3050,0.00465858681127
kn3051,0.00488500436768
kn3052,0.00381444138475
kn3053,0.00598193472251
kn3054,0.00502062356099
kn3055,0.00387275055982
kn3056,0.00454392656684
kn3057,0.00381163926795
kn3058,0.00455346517265
kn3059,0.00380487041548
kn3060,0.00434535369277
kn3061,0.00439552171156
kn3062,0.00471268035471
kn3063,0.00396978994831
kn3064,0.00575238419697
kn3065,0.00545833492652
kn3066,0.00372034939937
kn3067,0.00516853760928
kn3068,0.0046262498945
kn3069,0.00486858841032
kn3070,0.00464582210407
kn3071,0.00382265076041
kn3072,0.00387529889122
kn3073,0.00516513315961
kn3074,0.00477275531739
kn3075,0.00372693501413
kn3076,0.00522214686498
kn3077,0.0039297756739
kn3078,0.00502137374133
kn3079,0.00387224648148
kn3080,0.00481174327433
kn3081,0.00399630749598
kn3082,0.00437888456509
kn3083,0.00409784680232
kn3084,0.00370472995564
kn3085,0.00537662114948
kn3086,0.00503121782094
kn3087,0.00387275055982
kn3088,0.00489680329338
kn3089,0.00430742604658
kn3090,0.00456479424611
kn3091,0.00524618988857
kn3092,0.0050492095761
kn3093,0.00517910579219
kn3094,0.00501515483484
kn3095,0.00508535653353
kn3096,0.003802113235
kn3097,0.00442660832778
kn3098,0.00424253800884
kn3099,0.00456009898335
kn3100,0.00449237925932
kn3101,0.00387243367732
kn3102,0.00439112726599
kn3103,0.00394583959132
kn3104,0.00372105115093
kn3105,0.00402715336531
kn3106,0.00561412377283
kn3107,0.00443037552759
kn3108,0.00477476231754
kn3109,0.00387275055982
kn3110,0.00427317386493
kn3111,0.00383682409301
kn3112,0.00531460670754
kn3113,0.00380645575933
kn3114,0.00373043166474
kn3115,0.00370384147391
kn3116,0.00370434089564
kn3117,0.00379978935234
kn3118,0.00422599166632
kn3119,0.00373043166474
kn3120,0.00448263995349
kn3121,0.00507593434304
kn3122,0.00516591500491
kn3123,0.00375621649437
kn3124,0.0061690416187
kn3125,0.00549582531676
kn3126,0.0037988726981
kn3127,0.00514503382146
kn3128,0.00376546033658
kn3129,0.00373135181144
kn3130,0.00375595595688
kn3131,0.005221943371
kn3132,0.00487103778869
kn3133,0.00457254657522
kn3134,0.00400468427688
kn3135,0.00548326456919
kn3136,0.00616937503219
kn3137,0.00462402589619
kn3138,0.00449202535674
kn3139,0.00492152059451
kn3140,0.00523070711643
kn3141,0.00478664133698
kn3142,0.0054699126631
kn3143,0.00505071645603
kn3144,0.0039245695807
kn3145,0.00382440374233
kn3146,0.00387172214687
kn3147,0.00380752794445
kn3148,0.00396620342508
kn3149,0.00556209404022
kn3150,0.00491878669709
kn3151,0.00525397947058
kn3152,0.00370434089564
kn3153,0.00552404671907
kn3154,0.00387275055982
kn3155,0.00414890050888
kn3156,0.00409969361499
kn3157,0.00418282393366
kn3158,0.00448189303279
kn3159,0.00391923636198
kn3160,0.00382356834598
kn3161,0.00539119075984
kn3162,0.00461958395317
kn3163,0.00439637294039
kn3164,0.00549674266949
kn3165,0.00492163002491
kn3166,0.00568823888898
kn3167,0.00370691646822
kn3168,0.00518764508888
kn3169,0.00602675694972
kn3170,0.00504640536383
kn3171,0.00466729514301
kn3172,0.00370384147391
kn3173,0.00376456789672
kn3174,0.00461949594319
kn3175,0.00513556506485
kn3176,0.00375520484522
kn3177,0.00565269915387
kn3178,0.00394036341459
kn3179,0.00503579853103
kn3180,0.00435460405424
kn3181,0.00406117690727
kn3182,0.0057528289035
kn3183,0.00437092967331
kn3184,0.00386619428173
kn3185,0.00591729208827
kn3186,0.00371493631974
kn3187,0.00484194140881
kn3188,0.00426564924419
kn3189,0.00387329468504
kn3190,0.00493147829548
kn3191,0.00483221607283
kn3192,0.00551927881315
kn3193,0.00401882920414
kn3194,0.00403526332229
kn3195,0.003703848226
kn3196,0.00371805252507
kn3197,0.00570434099063
kn3198,0.00370384147391
kn3199,0.00503758760169
kn3200,0.00503864185885
kn3201,0.00498304516077
kn3202,0.00507995486259
kn3203,0.00430762022734
kn3204,0.00375020108186
kn3205,0.003703357419
kn3206,0.00370934070088
kn3207,0.0049820211716
kn3208,0.00506875151768
kn3209,0.00410323636606
kn3210,0.00543510029092
kn3211,0.00463360687718
kn3212,0.00476228632033
kn3213,0.00371817406267
kn3214,0.00371189671569
kn3215,0.00382467242889
kn3216,0.00562880234793
kn3217,0.00390881672502
kn3218,0.00449360534549
kn3219,0.00383805972524
kn3220,0.00562075059861
kn3221,0.00494800461456
kn3222,0.00464455457404
kn3223,0.00517992163077
kn3224,0.00382228777744
kn3225,0.00525860954076
kn3226,0.0049391547218
kn3227,0.00438494002447
kn3228,0.00509050488472
kn3229,0.0045930701308
kn3230,0.00577375013381
kn3231,0.00370384147391
kn3232,0.00370687409304
kn3233,0.00376549409702
kn3234,0.00370285776444
kn3235,0.00494696199894
kn3236,0.00495027983561
kn3237,0.00568057410419
kn3238,0.00441253231838
kn3239,0.00491995830089
kn3240,0.00624341890216
kn3241,0.00376449432224
kn3242,0.00399245461449
kn3243,0.00497178267688
kn3244,0.00370434089564
kn3245,0.00460414495319
kn3246,0.00548261962831
kn3247,0.00499537587166
kn3248,0.00376290129498
kn3249,0.00547655439004
kn3250,0.00376225076616
kn3251,0.00395638262853
kn3252,0.0039462801069
kn3253,0.00477884942666
kn3254,0.0044234613888
kn3255,0.00545675121248
kn3256,0.00500979460776
kn3257,0.00514965644106
kn3258,0.0047732014209
kn3259,0.00387691915967
kn3260,0.00580372614786
kn3261,0.00371767254546
kn3262,0.00476909615099
kn3263,0.00387275055982
kn3264,0.00401421682909
kn3265,0.00505420938134
kn3266,0.0050817723386
kn3267,0.00552122341469
kn3268,0.00384272099473
kn3269,0.00525633245707
kn3270,0.00394767476246
kn3271,0.00476380996406
kn3272,0.00550904404372
kn3273,0.00424876296893
kn3274,0.00381825584918
kn3275,0.00373329664581
kn3276,0.00400299578905
kn3277,0.00502536585554
kn3278,0.00552848074585
kn3279,0.00492543587461
kn3280,0.00594359589741
kn3281,0.00370384147391
kn3282,0.00387275055982
kn3283,0.00464822165668
kn3284,0.00450245384127
kn3285,0.00543691264465
kn3286,0.00438881153241
kn3287,0.00533299706876
kn3288,0.00427615921944
kn3289,0.00374993751757
kn3290,0.00460997689515
kn3291,0.00388229615055
kn3292,0.00513495644554
kn3293,0.0048402599059
kn3294,0.0040541626513
kn3295,0.00464848661795
kn3296,0.0039702327922
kn3297,0.00548645853996
kn3298,0.00409910175949
kn3299,0.00468538794667
kn3300,0.00397473061457
kn3301,0.00459115207195
kn3302,0.00504505261779
kn3303,0.00436395453289
kn3304,0.00370285776444
kn3305,0.00400703772902
kn3306,0.00493642501533
kn3307,0.00392815237865
kn3308,0.00513725401834
kn3309,0.00389878335409
kn3310,0.00460051232949
kn3311,0.00504580419511
kn3312,0.00406390894204
kn3313,0.00423587160185
kn3314,0.0049070934765
kn3315,0.00383576354943
kn3316,0.00425081280991
kn3317,0.00512680225074
kn3318,0.00379654346034
kn3319,0.0037246979773
kn3320,0.00416862685233
kn3321,0.00536700617522
kn3322,0.00384736736305
kn3323,0.00438494002447
kn3324,0.00438342895359
kn3325,0.00457649398595
kn3326,0.00466648908332
kn3327,0.00396982161328
kn3328,0.0037169822026
kn3329,0.00397402094677
kn3330,0.00480316579342
kn3331,0.00500744208694
kn3332,0.00486604310572
kn3333,0.00430664885789
kn3334,0.00375003693625
kn3335,0.00372934015468
kn3336,0.00370384147391
kn3337,0.00613554148003
kn3338,0.00458959629759
kn3339,0.00468804594129
kn3340,0.00468707410619
kn3341,0.00372584653087
kn3342,0.00387275055982
kn3343,0.00550046376884
kn3344,0.00392157351598
kn3345,0.00541899865493
kn3346,0.00438129436225
kn3347,0.00380126060918
kn3348,0.00389021914452
kn3349,0.00370649551041
kn3350,0.00373196159489
kn3351,0.00475558359176
kn3352,0.00378683698364
kn3353,0.00450206920505
kn3354,0.0053654354997
kn3355,0.00462821545079
kn3356,0.00467928126454
kn3357,0.00511851813644
kn3358,0.00513282278553
kn3359,0.00441397354007
kn3360,0.00443352339789
kn3361,0.00425813579932
kn3362,0.00469299918041
kn3363,0.00379686267115
kn3364,0.00505659775808
kn3365,0.0044227624312
kn3366,0.0050443848595
kn3367,0.00482406420633
kn3368,0.00371043314226
kn3369,0.00461267121136
kn3370,0.00468873372301
kn3371,0.00581405544654
kn3372,0.0038796341978
kn3373,0.00499409856275
kn3374,0.00457432214171
kn3375,0.00466442992911
kn3376,0.00468072481453
kn3377,0.00510739674792
kn3378,0.00388859864324
kn3379,0.00387275055982
kn3380,0.00508229807019
kn3381,0.00558271445334
kn3382,0.0037530544214
kn3383,0.0052888346836
kn3384,0.00464989431202
kn3385,0.00379246100783
kn3386,0.00498058693483
kn3387,0.00472665717825
kn3388,0.0038790225517
kn3389,0.00382771133445
kn3390,0.00513288890943
kn3391,0.00463921623304
kn3392,0.00431657070294
kn3393,0.00516682630405
kn3394,0.00494240410626
kn3395,0.00454528303817
kn3396,0.00375960860401
kn3397,0.0044982410036
kn3398,0.00394520256668
kn3399,0.00459884898737
kn3400,0.00494613358751
kn3401,0.00498889293522
kn3402,0.00377119937912
kn3403,0.00543737178668
kn3404,0.00391779793426
kn3405,0.00402008509263
kn3406,0.0052050575614
kn3407,0.00559298694134
kn3408,0.00491788843647
kn3409,0.00392527459189
kn3410,0.00405784929171
kn3411,0.00374260498211
kn3412,0.00449857395142
kn3413,0.00469867745414
kn3414,0.00428408896551
kn3415,0.00590550666675
kn3416,0.00407889345661
kn3417,0.00409900443628
kn3418,0.00471054017544
kn3419,0.00480769202113
kn3420,0.00548042310402
kn3421,0.00485844071954
kn3422,0.00375930662267
kn3423,0.00433823605999
kn3424,0.00480289664119
kn3425,0.00495194364339
kn3426,0.003817290999
kn3427,0.00468006078154
kn3428,0.00527097797021
kn3429,0.00464808754623
kn3430,0.00373658607714
kn3431,0.00390457478352
kn3432,0.0051134089008
kn3433,0.0043753804639
kn3434,0.00521515589207
kn3435,0.00393342087045
kn3436,0.0048581622541
kn3437,0.00501591898501
kn3438,0.00415664026514
kn3439,0.00370472995564
kn3440,0.0051102032885
kn3441,0.00406784191728
kn3442,0.00529823731631
kn3443,0.0040517472662
kn3444,0.00385154527612
kn3445,0.00534579344094
kn3446,0.00370384147391
kn3447,0.00494836876169
kn3448,0.0044239484705
kn3449,0.00415402604267
kn3450,0.00378368864767
kn3451,0.00505395233631
kn3452,0.00611850013956
kn3453,0.00370384147391
kn3454,0.00373208569363
kn3455,0.00424984004349
kn3456,0.00370585452765
kn3457,0.00500301830471
kn3458,0.00504653714597
kn3459,0.00488580670208
kn3460,0.00498902564868
kn3461,0.00381985376589
kn3462,0.00485121412203
kn3463,0.00438629742712
kn3464,0.00375119689852
kn3465,0.00471304031089
kn3466,0.00370984803885
kn3467,0.0039286618121
kn3468,0.0037366556935
kn3469,0.00410737516358
kn3470,0.00390457478352
kn3471,0.00455310195684
kn3472,0.00550313014537
kn3473,0.00515318242833
kn3474,0.00477156601846
kn3475,0.00382283446379
kn3476,0.0054646236822
kn3477,0.00489604612812
kn3478,0.003788983915
kn3479,0.00370285776444
kn3480,0.00417881179601
kn3481,0.00483518838882
kn3482,0.00522345444188
kn3483,0.00441579287872
kn3484,0.00382041255943
kn3485,0.00456525338814
kn3486,0.00399957504123
kn3487,0.00403436645865
kn3488,0.00430819066241
kn3489,0.00391329545528
kn3490,0.00458817835897
kn3491,0.00571826426312
kn3492,0.00598867796361
kn3493,0.003703357419
kn3494,0.00387641275302
kn3495,0.00402475427836
kn3496,0.00516715738922
kn3497,0.00562486983836
kn3498,0.00442187208682
kn3499,0.00492906197906
kn3500,0.00415883818641
kn3501,0.00370285776444
kn3502,0.00514810532331
kn3503,0.00397953996435
kn3504,0.00395057257265
kn3505,0.00472063617781
kn3506,0.0038770516403
kn3507,0.0037360182032
kn3508,0.00373084843159
kn3509,0.00410788273439
kn3510,0.0051166000776
kn3511,0.00397875532508
kn3512,0.00496631301939
kn3513,0.00445780390874
kn3514,0.00405592471361
kn3515,0.00483010476455
kn3516,0.00465301377699
kn3517,0.00393384695053
kn3518,0.00458946963772
kn3519,0.00531411822885
kn3520,0.00377129949629
kn3521,0.00371819012798
kn3522,0.00392713164911
kn3523,0.00497895665467
kn3524,0.00370883313008
kn3525,0.00446776906028
kn3526,0.00463192490861
kn3527,0.00371765298769
kn3528,0.00514599308372
kn3529,0.00538875954226
kn3530,0.00436202995479
kn3531,0.00394928408787
kn3532,0.00603995705023
kn3533,0.00462925434113
kn3534,0.00430131936446
kn3535,0.003703848226
kn3536,0.00394313270226
kn3537,0.00401095207781
kn3538,0.00386319472454
kn3539,0.00370522984304
kn3540,0.00476978020743
kn3541,0.00603935588151
kn3542,0.00410085776821
kn3543,0.00387275055982
kn3544,0.00560525804758
kn3545,0.00370434089564
kn3546,0.00416507897899
kn3547,0.00426878174767
kn3548,0.0044174073264
kn3549,0.00489309849218
kn3550,0.00521367695183
kn3551,0.00558498129249
kn3552,0.00536281056702
kn3553,0.0049193026498
kn3554,0.00534321786836
kn3555,0.00370384147391
kn3556,0.00380120822228
kn3557,0.00490107340738
kn3558,0.00385495717637
kn3559,0.00370734417811
kn3560,0.00457137031481
kn3561,0.00497784186155
kn3562,0.00383586366661
kn3563,0.00386509438977
kn3564,0.00386473652907
kn3565,0.00461518298835
kn3566,0.0038006126415
kn3567,0.00449965242296
kn3568,0.00394255202264
kn3569,0.00400854134932
kn3570,0.0053810980171
kn3571,0.003703357419
kn3572,0.0049032275565
kn3573,0.00476806424558
kn3574,0.00395969487727
kn3575,0.0038440444041
kn3576,0.00610968563706
kn3577,0.00521061848849
kn3578,0.00370832905173
kn3579,0.00397507613525
kn3580,0.00499852187932
kn3581,0.0039286618121
kn3582,0.00387275055982
kn3583,0.00495277252048
kn3584,0.00388226658106
kn3585,0.00489684287459
kn3586,0.00490212719887
kn3587,0.00525397202
kn3588,0.00389671931043
kn3589,0.0043974481523
kn3590,0.0053961891681
kn3591,0.0039970362559
kn3592,0.00384831964038
kn3593,0.00453050853685
kn3594,0.00533282244578
kn3595,0.00370384147391
kn3596,0.00490008294582
kn3597,0.00404862361029
kn3598,0.00397454015911
kn3599,0.0049700466916
kn3600,0.00372560764663
kn3601,0.00533164385706
kn3602,0.00401284452528
kn3603,0.00370384147391
kn3604,0.00520045263693
kn3605,0.00391254853457
kn3606,0.00496005127206
kn3607,0.00512759527192
kn3608,0.00504200626165
kn3609,0.00537970755249
kn3610,0.00442559132352
kn3611,0.00408772053197
kn3612,0.00370434089564
kn3613,0.00376227055676
kn3614,0.00458427518606
kn3615,0.00370384147391
kn3616,0.0047485968098
kn3617,0.00380129693076
kn3618,0.00413003796712
kn3619,0.00429001450539
kn3620,0.0039453599602
kn3621,0.00436819111928
kn3622,0.00374602386728
kn3623,0.00465538399294
kn3624,0.00370935280807
kn3625,0.00519411126152
kn3626,0.00378308445215
kn3627,0.00370434089564
kn3628,0.00423413608223
kn3629,0.00370947970077
kn3630,0.00397813972086
kn3631,0.0046917386353
kn3632,0.00500514730811
kn3633,0.00528534594923
kn3634,0.00451960787177
kn3635,0.0044045583345
kn3636,0.00446249544621
kn3637,0.00435191718861
kn3638,0.00504932692274
kn3639,0.00488396827132
kn3640,0.00373344938271
kn3641,0.00382028752938
kn3642,0.00480105727911
kn3643,0.00387172214687
kn3644,0.00466984137893
kn3645,0.00463618105277
kn3646,0.00374602572992
kn3647,0.00397021602839
kn3648,0.00394793925807
kn3649,0.0046627279371
kn3650,0.00434775557369
kn3651,0.0051390575245
kn3652,0.00392317399383
kn3653,0.0038243511226
kn3654,0.00370384147391
kn3655,0.00504647474736
kn3656,0.00611948873848
kn3657,0.00452006934211
kn3658,0.00482885539532
kn3659,0.00457592960447
kn3660,0.00436144787818
kn3661,0.00387275055982
kn3662,0.00530599523336
kn3663,0.00384480226785
kn3664,0.00382241676562
kn3665,0.00473295571283
kn3666,0.00456749647856
kn3667,0.00460040941834
kn3668,0.00377874728292
kn3669,0.00454211933538
kn3670,0.00384578877129
kn3671,0.004737989977
kn3672,0.00558747630566
kn3673,0.00400758208707
kn3674,0.0043687261641
kn3675,0.00387327279896
kn3676,0.00575198838487
kn3677,0.00538184074685
kn3678,0.00370434811339
kn3679,0.00515768257901
kn3680,0.00464769918472
kn3681,0.003703848226
kn3682,0.00404274975881
kn3683,0.00385143584572
kn3684,0.00608837045729
kn3685,0.00499653723091
kn3686,0.00446423701942
kn3687,0.00392670091242
kn3688,0.00375732290559
kn3689,0.0037269317545
kn3690,0.00476000923663
kn3691,0.0041629220359
kn3692,0.00587146962062
kn3693,0.00620423164219
kn3694,0.00391329545528
kn3695,0.00370885571465
kn3696,0.00387275055982
kn3697,0.00492623075843
kn3698,0.00570514705032
kn3699,0.00417832564563
kn3700,0.00501336855814
kn3701,0.00450589833781
kn3702,0.00485792430118
kn3703,0.00519781373441
kn3704,0.00517129944637
kn3705,0.00397176994011
kn3706,0.00370984803885
kn3707,0.0052545927465
kn3708,0.00468199606985
kn3709,0.00390916783363
kn3710,0.00389517028816
kn3711,0.00582271395251
kn3712,0.00475485017523
kn3713,0.00558584183455
kn3714,0.00370384147391
kn3715,0.00543476548046
kn3716,0.00388428638689
kn3717,0.00483218161389
kn3718,0.00387954968028
kn3719,0.005966397468
kn3720,0.00465991348028
kn3721,0.00491200899705
kn3722,0.00428579794243
kn3723,0.00391760282218
kn3724,0.00405066180974
kn3725,0.00397132849321
kn3726,0.00370384147391
kn3727,0.00448915595189
kn3728,0.00499991653487
kn3729,0.00393451377749
kn3730,0.00380582618527
kn3731,0.0037742012646
kn3732,0.0047110770829
kn3733,0.00548106525093
kn3734,0.0037176834885
kn3735,0.00570603413507
kn3736,0.00469257356599
kn3737,0.00489678047597
kn3738,0.00394157646224
kn3739,0.0054614264518
kn3740,0.00468336045742
kn3741,0.0051606586203
kn3742,0.00387275055982
kn3743,0.00449453806505
kn3744,0.00370285776444
kn3745,0.00402200222015
kn3746,0.00443643052131
kn3747,0.00434424821287
kn3748,0.00386510160752
kn3749,0.00603313092142
kn3750,0.00370384147391
kn3751,0.00370384147391
kn3752,0.00382512691431
kn3753,0.00372431403957
kn3754,0.00553845940158
kn3755,0.00387849961407
kn3756,0.00433386163786
kn3757,0.00460070883855
kn3758,0.00468736281618
kn3759,0.00449543399736
kn3760,0.0039325915277
kn3761,0.00476627238095
kn3762,0.00420405995101
kn3763,0.00410670461133
kn3764,0.00551200471818
kn3765,0.00370384147391
kn3766,0.00371198658831
kn3767,0.00392823806033
kn3768,0.00405330397189
kn3769,0.00454625207931
kn3770,0.00375177431852
kn3771,0.00379985244945
kn3772,0.00387379899621
kn3773,0.00439213821664
kn3774,0.0054762638174
kn3775,0.00472416123375
kn3776,0.00568394456059
kn3777,0.00392670091242
kn3778,0.00398001074791
kn3779,0.00404959451407
kn3780,0.00370384147391
kn3781,0.00371510209516
kn3782,0.00511818518862
kn3783,0.00422599771991
kn3784,0.00482712313533
kn3785,0.00434774113819
kn3786,0.00372627656907
kn3787,0.00408771075308
kn3788,0.00451906723902
kn3789,0.00492027122527
kn3790,0.00375299714506
kn3791,0.00481911748648
kn3792,0.00451058056206
kn3793,0.0057053794153
kn3794,0.00389688950963
kn3795,0.00537290191278
kn3796,0.00493713002652
kn3797,0.00487432582304
kn3798,0.00545779103413
kn3799,0.00434891832992
kn3800,0.0038329185918
kn3801,0.00424574222416
kn3802,0.00394108984619
kn3803,0.00415720883757
kn3804,0.00380557519384
kn3805,0.00484197586775
kn3806,0.00386024871841
kn3807,0.00373453320935
kn3808,0.00370782869868
kn3809,0.00387327652425
kn3810,0.00387420202605
kn3811,0.00485011655837
kn3812,0.00436851056293
kn3813,0.00505154347047
kn3814,0.00455249473453
kn3815,0.00379982893355
kn3816,0.00395047152415
kn3817,0.00434901705012
kn3818,0.00484613887966
kn3819,0.0047892886214
kn3820,0.00405870890245
kn3821,0.00522559322417
kn3822,0.00489361910149
kn3823,0.003703848226
kn3824,0.00401276070625
kn3825,0.0038796341978
kn3826,0.00460728630424
kn3827,0.00446015968919
kn3828,0.00444695027545
kn3829,0.00507267937064
kn3830,0.00550097227097
kn3831,0.00504223397002
kn3832,0.00372203043662
kn3833,0.00407088780776
kn3834,0.00488342856988
kn3835,0.00424726633355
kn3836,0.00386917218566
kn3837,0.00397450989112
kn3838,0.00449307262897
kn3839,0.00376051594503
kn3840,0.00462432205677
kn3841,0.00491509586573
kn3842,0.00385286635719
kn3843,0.00450235139579
kn3844,0.00380421383306
kn3845,0.0050067701377
kn3846,0.00453747529536
kn3847,0.0047299019061
kn3848,0.00460669165477
kn3849,0.00489684287459
kn3850,0.004399292171
kn3851,0.00479849521071
kn3852,0.0044803400524
kn3853,0.00499192345887
kn3854,0.00552613520995
kn3855,0.00385637092404
kn3856,0.00387275055982
kn3857,0.00526965828612
kn3858,0.00556073337793
kn3859,0.00413797656074
kn3860,0.00537816667929
kn3861,0.00525146536529
kn3862,0.00583684444427
kn3863,0.00470948778093
kn3864,0.00428640050814
kn3865,0.0053698932752
kn3866,0.004748955369
kn3867,0.00393159594387
kn3868,0.00370384147391
kn3869,0.00370434089564
kn3870,0.00410091644153
kn3871,0.00409154221416
kn3872,0.00370882428251
kn3873,0.00481720594689
kn3874,0.00459591811523
kn3875,0.00436609284952
kn3876,0.00382389314473
kn3877,0.0048780166544
kn3878,0.00370434089564
kn3879,0.00378683698364
kn3880,0.00488588539883
kn3881,0.00384939438663
kn3882,0.00599748408422
kn3883,0.00519277621061
kn3884,0.00375003693625
kn3885,0.00370384147391
kn3886,0.00383180473
kn3887,0.00405676476657
kn3888,0.00401119980961
kn3889,0.00472746929154
kn3890,0.0037649970036
kn3891,0.00424176827073
kn3892,0.00370434811339
kn3893,0.00517152482644
kn3894,0.00597185222432
kn3895,0.00412732036784
kn3896,0.00437572365627
kn3897,0.00470149517059
kn3898,0.00370833603665
kn3899,0.00532187940553
kn3900,0.00384941836819
kn3901,0.00629069795832
kn3902,0.00459997076541
kn3903,0.00370384147391
kn3904,0.00370384147391
kn3905,0.00503792753443
kn3906,0.00491198105738
kn3907,0.00480792485178
kn3908,0.00500239618123
kn3909,0.00460025062785
kn3910,0.00434648012742
kn3911,0.00371084036306
kn3912,0.00491313962266
kn3913,0.00504716672003
kn3914,0.00460423901677
kn3915,0.00554848508909
kn3916,0.00472587440163
kn3917,0.00507097365335
kn3918,0.00490939896554
kn3919,0.00528243370354
kn3920,0.00438858661801
kn3921,0.00430222228169
kn3922,0.00397942448035
kn3923,0.00599309615791
kn3924,0.00524594634771
kn3925,0.00614446587861
kn3926,0.00460392888635
kn3927,0.00392670091242
kn3928,0.00399189162999
kn3929,0.00412778696045
kn3930,0.00388604146428
kn3931,0.00479430705309
kn3932,0.00492194993421
kn3933,0.00414587138221
kn3934,0.00450967485085
kn3935,0.00436909776181
kn3936,0.00538436835632
kn3937,0.00457459129393
kn3938,0.00454608350992
kn3939,0.00479277828708
kn3940,0.00380172114819
kn3941,0.00372852873988
kn3942,0.0053723952733
kn3943,0.00372976553626
kn3944,0.00524464203045
kn3945,0.00502744782716
kn3946,0.00492170266807
kn3947,0.00462651113048
kn3948,0.00534528121352
kn3949,0.00379635067657
kn3950,0.00558011047542
kn3951,0.00476533174515
kn3952,0.00371189671569
kn3953,0.00419642729685
kn3954,0.00527480477467
kn3955,0.00502775795758
kn3956,0.00534071447328
kn3957,0.00498703075573
kn3958,0.0053897285834
kn3959,0.00518885115162
kn3960,0.00488341227174
kn3961,0.00370832905173
kn3962,0.00530356960371
kn3963,0.00537844235078
kn3964,0.00381142972037
kn3965,0.00373045122251
kn3966,0.00490583665669
kn3967,0.00499652093276
kn3968,0.0037274362985
kn3969,0.0051893289201
kn3970,0.00518877524883
kn3971,0.00391189614311
kn3972,0.00528497993946
kn3973,0.00416099699214
kn3974,0.00504803145304
kn3975,0.00519648753107
kn3976,0.00465769367293
kn3977,0.00501520046964
kn3978,0.00500001385808
kn3979,0.005229012575
kn3980,0.00456991698593
kn3981,0.00462183402851
kn3982,0.0049911160022
kn3983,0.00370984803885
kn3984,0.00371141149662
kn3985,0.00398246478289
kn3986,0.00526208477095
kn3987,0.00454450026155
kn3988,0.00379137089476
kn3989,0.00416341843084
kn3990,0.00504747079685
kn3991,0.00374615378678
kn3992,0.00501638790593
kn3993,0.00387327279896
kn3994,0.00498573854566
kn3995,0.00587453739718
kn3996,0.00371403270401
kn3997,0.00382172130048
kn3998,0.00387379899621
kn3999,0.00370384147391
kn4000,0.00516800303012
kn4001,0.00394059764221
kn4002,0.00523993279785
kn4003,0.00616630585864
kn4004,0.00456579728052
kn4005,0.00371259683743
kn4006,0.00510787637904
kn4007,0.0052382578142
kn4008,0.00558170350268
kn4009,0.00382248405367
kn4010,0.00482415081933
kn4011,0.00393483135849
kn4012,0.00435594562441
kn4013,0.00429654540494
kn4014,0.00381324766204
kn4015,0.00449625169858
kn4016,0.00386772817001
kn4017,0.00376801891252
kn4018,0.00514158140868
kn4019,0.00525802560151
kn4020,0.00377006898634
kn4021,0.00458717439324
kn4022,0.00435856264085
kn4023,0.00392402149737
kn4024,0.00403981935233
kn4025,0.0037314419169
kn4026,0.00489438977093
kn4027,0.0050664935261
kn4028,0.00401337211952
kn4029,0.00375877786428
kn4030,0.00375367468223
kn4031,0.00447414303198
kn4032,0.00428368430585
kn4033,0.00505754817277
kn4034,0.0048776967451
kn4035,0.00370699563064
kn4036,0.00514309667051
kn4037,0.00423328578472
kn4038,0.00384782231413
kn4039,0.00434893276542
kn4040,0.00429065618664
kn4041,0.00401008175686
kn4042,0.00373109267093
kn4043,0.00525982165709
kn4044,0.00370384147391
kn4045,0.00534851197153
kn4046,0.00478481082246
kn4047,0.00387246347964
kn4048,0.00441751815379
kn4049,0.00370434089564
kn4050,0.00466595077887
kn4051,0.00462897121906
kn4052,0.00376695254818
kn4053,0.00529878493398
kn4054,0.00438170181587
kn4055,0.00371140637435
kn4056,0.00385694066063
kn4057,0.00439350865781
kn4058,0.00493698054925
kn4059,0.00549627887085
kn4060,0.00427146162838
kn4061,0.00456460984424
kn4062,0.00467952108011
kn4063,0.0053420192562
kn4064,0.00385530153289
kn4065,0.00489684287459
kn4066,0.00425854418427
kn4067,0.00507465610281
kn4068,0.0050062877126
kn4069,0.00589326117188
kn4070,0.00465305382386
kn4071,0.00448873825371
kn4072,0.00493186200038
kn4073,0.00413634628057
kn4074,0.00392625154927
kn4075,0.00466037355363
kn4076,0.0050543458201
kn4077,0.00374127016403
kn4078,0.00605375086889
kn4079,0.00378735177219
kn4080,0.00379985244945
kn4081,0.00464106164873
kn4082,0.00425155181438
kn4083,0.00562917860225
kn4084,0.0054018762894
kn4085,0.00525765633211
kn4086,0.00480477930978
kn4087,0.00526061514392
kn4088,0.00370384147391
kn4089,0.00448528816923
kn4090,0.00488979602233
kn4091,0.00493520032614
kn4092,0.00602666893974
kn4093,0.00371140264906
kn4094,0.00500911520794
kn4095,0.003813207848
kn4096,0.00428666500375
kn4097,0.00494308862835
kn4098,0.0053469594568
kn4099,0.00402744440362
kn4100,0.00370434089564
kn4101,0.00370384147391
kn4102,0.00378796318546
kn4103,0.00416292576119
kn4104,0.00534816691652
kn4105,0.00588649651036
